Week Number,8h avg CO (ppm),Avg 1h NO2 (ppb),Avg 8h O3 (ppm),Avg PM10 (ug/m3 SC), Avg PM2.5 (ug/m3 LC),Avg 1h SO2 (ppb),"PRCP (inches, weekly sum)","SNOW (inches, weekly sum)","TAVG (°F, weekly mean)","TMAX (°F, weekly mean)","TMIN (°F, weekly mean)","Avg_WND (mph, weekly mean)","Max Wind Speed (mph, weekly mean)",Asthma_weekly_ER_Admissions,# COPD cases (weekly total),# Heart disease ER visits (weekly total),ILI_Weekly_ER_Admissions,Respiratory_Weekly_ER_Admissions,# stroke hospital discharges (weekly total)
1,0.371142857,21.926,0.029,12.349,8.897,2.374,0.896666667,0.883333333,22.8452381,32.38095238,13.26190476,10.82833333,23.50238095,2210,2048.63959,630.895929,2931,6646,667.0040263
2,0.407857143,27.669,0.029,15.722,10.48,4.196,0.4,3.8,13.76190476,23.92857143,3.619047619,9.021904762,19.8952381,4815,2000.220755,615.9849384,6074,8212,666.5117869
3,0.462,30.477,0.03,16.714,10.953,3.546,0.548333333,0.1,20.33333333,30.95238095,9.285714286,8.059047619,18.72380952,4686,1990.46159,612.9795207,5351,8599,665.5673538
4,0.361857143,29.379,0.032,13.322,10.145,3.081,0.343333333,3.783333333,18.64285714,26.42857143,10.71428571,8.728809524,18.85714286,4625,2035.924807,626.9803037,5168,8831,664.1844237
5,0.344285714,35.357,0.033,17.179,9.452,3.755,0.703333333,7,13.32142857,24.4047619,1.404761905,9.298809524,20.93095238,4507,1871.699979,629.934252,5717,8672,662.3830526
6,0.366857143,30.46,0.032,30.786,10.893,3.669,0.416666667,3.6,14.10714286,23.33333333,4.380952381,8.744761905,17.98571429,4547,1694.170139,613.5266345,6419,8806,660.1893649
7,0.414428571,34.525,0.034,20.119,10.289,4.829,0.155,3.783333333,6.035714286,17.02380952,-5.595238095,8.319761905,18.18095238,4638,1671.076422,605.1634779,7305,7985,657.6351748
8,0.425285714,34.753,0.034,14.274,10.507,5.512,0.208333333,1.583333333,10.91666667,21.73809524,-0.642857143,9.885,21.18571429,4771,1707.829861,618.4733655,6917,7298,654.7575245
9,0.465142857,42.722,0.037,18.429,11.268,4.269,0.393333333,2.366666667,16.41666667,26.78571429,5.714285714,8.07452381,19.68333333,4435,1723.40447,622.9918778,7172,7279,651.5981473
10,0.555428571,42.435,0.042,31.417,12.116,4.584,0.225,1.483333333,27.94047619,37.45238095,18.4047619,8.792857143,20.13809524,4793,1685.428175,608.4325777,7662,7471,648.2028623
11,0.342714286,31.055,0.04,17.905,5.608,2.999,0.276666667,0.033333333,31.57142857,40.05714286,24.29047619,9.124047619,21.03809524,4865,1656.125642,597.8544848,6971,8163,644.6209097
12,0.312571429,32.202,0.037,19.524,6.994,3.53,0.161666667,0.9,26.5,36.35714286,16.76190476,8.271904762,19.29047619,4858,1679.221354,606.1919411,7505,7486,640.9042371
13,0.329571429,31.299,0.037,18.46,5.418,2.102,0.525,0.85,33.0952381,40.9047619,25.16666667,8.127380952,18.92857143,4724,1720.609704,615.2144219,6492,7696,637.1067456
14,0.334857143,31.811,0.041,19.159,7.207,1.715,0.675,0.05,41.64285714,51.0952381,32.38095238,8.664761905,20.00714286,4693,1737.747493,586.3131787,6447,7263,633.2835086
15,0.342857143,31.94,0.043,10.036,5.37,1.86,0.405,0,48.58333333,60.04761905,36.97619048,9.832142857,22.36428571,4556,1696.52002,572.4030963,5162,7361,629.4899728
16,0.269857143,24.763,0.045,13.758,4.902,1.381,1.003333333,0,50.78571429,61.71428571,39.69047619,9.325714286,22.11666667,4458,1700.92574,573.889579,5246,7464,625.7811542
17,0.266428571,20.951,0.039,5.445,2.876,1.78,0.021666667,0,45.44047619,54.02380952,37.23809524,8.660714286,18.51190476,4819,1743.07426,588.110421,5404,7371,622.2108401
18,0.304714286,33.066,0.05,19.857,8.054,1.816,0.056666667,0,59.57142857,73.38095238,46.14285714,6.322142857,16.83809524,4825,1589.771744,589.772249,4430,7965,618.8308093
19,0.293857143,25.221,0.047,31.286,9.829,1.491,0.326666667,0,65.53571429,77.19047619,53.33333333,8.031666667,19.56428571,4258,1527.523893,576.2931052,3835,7266,615.6900806
20,0.319142857,26.455,0.044,25.262,7.83,1.394,0.138333333,0,60.57142857,72.19047619,48.47619048,7.12047619,17.55238095,4790,1512.969797,570.8022417,3862,7620,612.8342029
21,0.250428571,21.931,0.05,19,7.393,1.84,0.188333333,0,62.41666667,73.78571429,51.11904762,8.712857143,20.15714286,5147,1544.28986,582.6184471,3557,7817,610.3045935
22,0.228571429,17.653,0.034,14.5,4.456,0.992,1.735,0,61.01190476,71,50.97619048,7.909285714,17.70238095,4918,1543.815716,594.7111499,3798,7935,608.1379384
23,0.268142857,23.116,0.043,24.119,5.973,0.955,1.385,0,63.79761905,74.38095238,52.73809524,7.856666667,18.19047619,4178,1486.837114,589.1241394,3484,7436,606.3656594
24,0.296571429,21.981,0.04,22.619,8.993,1.155,1.806666667,0,68.3452381,77.23809524,59.9047619,6.034285714,16.43571429,4422,1457.451097,577.4806234,3129,7204,605.0134593
25,0.214285714,18.428,0.039,24.54,6.7,1.584,0.978333333,0,68.77380952,78.35714286,59.11904762,7.205952381,18.46904762,3967,1475.612654,584.676712,3177,6962,604.1009483
26,0.228142857,20.032,0.036,17.115,5.088,1.038,1.635,0,64.69047619,73,56.54761905,6.023809524,15.32619048,4017,1474.135251,592.7289896,3884,6691,603.6413602
27,0.285714286,23.096,0.042,20.571,11.061,1.104,0.451666667,0,68.91666667,78.92857143,58.5952381,5.32047619,14.75,3474,1258.12442,558.3810629,3921,6489,603.6413602
28,0.293714286,23.104,0.041,20.786,9.422,1.091,0.723333333,0,70.83333333,80.26190476,61.11904762,5.864047619,15.47142857,3430,1228.608453,545.2812797,3510,7067,604.1009483
29,0.247428571,19.665,0.042,20.107,7.442,1.495,0.72,0,71.61904762,81.26190476,62.30952381,6.438809524,16.7452381,3297,1228.608453,545.2812797,3372,6888,605.0134593
30,0.268285714,23.129,0.044,21.214,8.705,1.75,0.371666667,0,73.61904762,84.47619048,62.97619048,4.861190476,14.31904762,3641,1258.12442,558.3810629,3467,7661,606.3656594
31,0.214285714,21.276,0.042,17.675,6.738,1.676,0.991666667,0,73.03571429,82.14285714,63.5952381,7.598809524,19.04428571,3730,1206.118571,557.2696614,3377,6778,608.1379384
32,0.204714286,16.712,0.032,13.54,4.018,1.077,1.25,0,68.76190476,79.07142857,58.83333333,5.533095238,14.86190476,3695,1156.642095,543.48243,3481,7676,610.3045935
33,0.275571429,25.355,0.047,15.429,9.302,1.241,0.691666667,0,74.45238095,85.07142857,64.38095238,5.534047619,15.8547619,4055,1140.733845,536.0074691,3358,6884,612.8342029
34,0.227142857,16.649,0.039,14.69,5.055,0.922,0.78,0,71,80.19047619,61.64285714,6.262380952,15.7952381,3996,1160.917332,545.4912765,3220,6877,615.6900806
35,0.293571429,23.533,0.044,29.167,11.951,1.628,0.023333333,0,69.82142857,80.04761905,59.88095238,4.734761905,13.40714286,3635,1229.785884,563.9791969,3538,6786,618.8308093
36,0.295142857,20.702,0.047,26.5,12.736,1.545,0.48,0,75.04761905,86.19047619,64.26190476,5.539047619,16.22142857,3517,1330.477398,577.2441621,3190,6609,622.2108401
37,0.254714286,24.226,0.037,19.321,5.365,1.428,1.856666667,0,65.8452381,75.19047619,56.47619048,5.922142857,15.42619048,3296,1300.894604,564.4092993,2940,6671,625.7811542
38,0.269571429,25.559,0.045,19.857,6.607,1.495,0.126666667,0,64.14285714,76.21428571,52.0952381,5.001190476,14.67619048,4070,1310.901316,568.7508355,3251,7348,629.4899728
39,0.255571429,20.035,0.032,14.25,4.329,1.026,1.768333333,0,61.1547619,71.30952381,50.97619048,7.126190476,16.93095238,5106,1342.576082,582.4933266,3335,7044,633.2835086
40,0.231857143,15.516,0.025,8.643,3.209,1.263,0.266666667,0,52.1547619,60.76190476,44.04761905,8.202380952,16.98571429,5635,1892.687787,588.3636192,3651,7614,637.1067456
41,0.308,23.52,0.032,21.321,5.757,1.356,0.823333333,0,54.94047619,64.07142857,45.07142857,7.11,17.16666667,5334,1847.954815,574.4578639,3678,6716,640.9042371
42,0.288857143,23.496,0.032,20.214,5.436,1.657,0.295,0,46.1547619,55.23809524,37.19047619,7.504761905,19.18571429,5023,1838.938562,571.6550586,3483,7573,644.6209097
43,0.279142857,22.72,0.028,19.476,4.668,1.257,1.373333333,0,46.35714286,57.07142857,35.4047619,7.195238095,18.23095238,5171,1880.940911,584.7119687,3909,7103,648.2028623
44,0.446,29.543,0.03,25.238,7.541,1.592,0.441666667,0,49.53571429,59.88095238,38.95238095,6.86,18.38333333,5004,1800.787953,591.4054252,3749,7616,651.5981473
45,0.427,27.314,0.028,13.393,7.011,1.417,0.416666667,0,50.26190476,59.5952381,40.45238095,6.407380952,16.21428571,4919,1690.761408,579.8892432,4525,8030,654.7575245
46,0.325285714,22.952,0.029,10.536,5.669,1.686,0.448333333,0,44.01190476,52.5,35.5952381,9.49047619,20.94761905,5008,1663.017127,570.3736426,4890,8280,657.6351748
47,0.342857143,24.131,0.03,16.857,6.014,1.726,0.488333333,0,39.71428571,47.78571429,30.85714286,7.924761905,19.85,4994,1690.761408,579.8892432,5075,8675,660.1893649
48,0.387285714,21.847,0.026,13.714,6.646,1.287,0.73,0,40.08333333,48.07142857,31.80952381,7.358761905,15.93,4355,1767.136074,597.5193344,5348,8279,662.3830526
49,0.502857143,28.282,0.023,26.429,12.419,1.874,0.016666667,0,39.01190476,45.83333333,31.92857143,5.917619048,14.29047619,4909,1852.762021,605.8461362,6214,8520,664.1844237
50,0.419142857,25.558,0.023,32.071,12.186,1.75,0.363333333,0,47.95238095,54.5952381,41.02380952,8.031666667,18.59285714,4936,1811.388921,592.3172896,5646,9586,665.5673538
51,0.317428571,24.337,0.025,13.714,7.112,1.103,1.091666667,0.016666667,41.5952381,47.4047619,35.95238095,8.59047619,19.05952381,5204,1820.270099,595.2214012,7198,8904,666.5117869
52,0.352428571,21.025,0.026,9.536,6.927,1.288,1.283333333,0.516666667,38.52380952,45.73809524,30.97619048,8.095238095,18.30714286,4905,1864.332914,609.6297741,7141,10087,667.0040263
53,0.373,21.302,0.026,13.036,9.199,1.587,0.085,0.7,25.30952381,32.38095238,18.0952381,8.81952381,19.13809524,2244,1977.627009,637.061959,2976,6747,668.6864017
54,0.425285714,25.904,0.029,29.857,10.114,1.906,0.881666667,2.033333333,29.05952381,37.52380952,20.23809524,9.133571429,22.3452381,4887,1950.252491,626.7557042,6165,8335,668.5332081
55,0.301571429,25.413,0.03,11.79,8.999,1.742,0.273333333,1.85,22.94047619,30.28571429,15.4047619,8.552619048,19.16190476,4755,1931.670678,620.7840381,5430,8726,667.6501465
56,0.330142857,31.563,0.033,15.603,8.929,1.977,0.451666667,4.783333333,22.97619048,31.88095238,13.76190476,7.626904762,17.57857143,4693,1971.658288,633.6349191,5244,8960,666.3249643
57,0.352571429,32.159,0.031,21.536,8.972,2.364,0.585,0.1,36.27380952,45.5952381,27.54761905,8.856809524,20.95952381,4572,2026.507222,637.2629948,5799,8797,664.5768801
58,0.280571429,23.018,0.033,16.976,7.94,1.604,0.201666667,1.466666667,31.23809524,37.23809524,24.69047619,8.548809524,18.41904762,4612,2022.357855,617.8330929,6510,8931,662.4312455
59,0.277714286,23.563,0.033,20.131,7.41,1.903,1.165,3,13.08333333,24.26190476,1.666666667,8.798809524,19.52857143,4703,1985.866104,606.6848128,7407,8097,659.9191778
60,0.33,28.933,0.035,13.691,5.906,1.566,1.633333333,0.116666667,28.57142857,37.73809524,19.45238095,8.558571429,20.36190476,4837,2022.357855,617.8330929,7013,7399,657.0771084
61,0.228571429,20.437,0.038,12.714,6.024,2.059,0.371666667,0.433333333,29.65277778,39.08333333,20.52777778,11.56361111,24.75555556,4495,2086.781256,641.3438727,7270,7378,653.9462544
62,0.402142857,39.943,0.039,22.929,11.726,1.602,0.041666667,0.083333333,33.1547619,43.5952381,23.64285714,6.008333333,15.57857143,4857,2091.366113,647.7156951,7765,7571,650.5720214
63,0.334,27.303,0.036,16.968,4.786,1.203,0.765,0,45.5952381,54.07142857,36.85714286,7.562380952,18.6952381,4929,2048.950684,634.579239,7063,8271,647.0033442
64,0.293571429,25.949,0.041,13.08,5.592,0.936,0.196666667,0.116666667,36.54761905,45.92857143,26.95238095,8.33547619,20.38571429,4921,2068.660677,640.6836088,7603,7583,643.2919779
65,0.271285714,24.722,0.043,22.095,5.493,0.827,0.563333333,0,39.66666667,52.2047619,30.62857143,10.0502381,21.67857143,4785,2117.045388,655.6688072,6575,7795,639.4917467
66,0.233285714,23.105,0.04,14.714,4.682,0.762,0.758333333,1.75,38.3452381,47.0952381,29,10.65214286,23.80952381,4752,1762.787417,618.2875331,6528,7355,635.6577637
67,0.247571429,25.403,0.04,14.286,5.011,0.992,0.688333333,0.5,37.70238095,46.9047619,30.28095238,8.932142857,19.5,4613,1720.162223,603.3369916,5226,7452,631.8456314
68,0.304857143,34.545,0.051,30.536,6.231,1.371,0.041666667,0,49.9047619,64.0952381,35.47619048,6.503333333,16.05714286,4512,1715.706677,601.7742344,5310,7555,628.1106355
69,0.261714286,22.593,0.044,13.429,6.16,0.748,0.375,0,48.57142857,59.4047619,37.30952381,7.536190476,16.96428571,4877,1757.400408,616.3980708,5469,7459,624.506943
70,0.300142857,22.442,0.036,13.071,3.2,0.582,0.688333333,0,45.85714286,55.29047619,38.57142857,6.503333333,14.87142857,4882,1684.296457,636.4171359,4482,8059,621.0868167
71,0.305142857,26.631,0.044,22.714,5.081,0.733,0.268333333,0,52.64285714,64.04761905,41.0952381,7.557619048,18.53095238,4307,1614.620136,628.9612213,3879,7350,617.899857
72,0.265428571,24.038,0.041,17.214,4.559,0.611,0.378333333,0,54.04761905,65,42.80952381,9.12452381,21.01857143,4845,1592.412937,620.3106003,3906,7707,614.9922831
73,0.331571429,32.162,0.056,21.857,8.959,1.117,0.073333333,0,61.27380952,74.85714286,47.61904762,5.021666667,15.23095238,5205,1620.588174,631.2860187,3597,7905,612.4062622
74,0.293571429,22.407,0.05,20.857,8.252,0.756,0.523333333,0,72.51190476,84.11904762,61.28571429,6.567142857,16.96904762,4972,1604.278917,633.0288491,3840,8022,610.1792982
75,0.225285714,16.2,0.042,11.917,4.661,0.684,1.706666667,0,65.9047619,74.4047619,57.5,8.00952381,18.68809524,4223,1468.846831,600.1434592,3522,7516,608.3436878
76,0.241428571,22.882,0.04,18.548,5.258,0.986,0.183333333,0,60.61904762,71.71428571,49.42857143,8.244285714,19.03095238,4469,1436.187431,586.7994369,3162,7280,606.9260521
77,0.282571429,27.515,0.05,29.786,6.992,1.084,0.273333333,0,70.25,82.54761905,57,6.854285714,18.03571429,4008,1447.234839,591.3132021,3210,7034,605.9469503
78,0.238714286,22.08,0.047,18.567,6.635,0.959,0.808333333,0,70.07142857,81.92857143,58.07142857,5.795,15.53333333,4058,1482.203776,605.6008583,3924,6759,605.4205819
79,0.251857143,22.643,0.047,15.272,7.851,0.993,0.601666667,0,70.3452381,82,58.35714286,6.817380952,17.34047619,3509,1322.65976,597.2242847,3960,6554,605.3545807
80,0.253714286,21.324,0.04,18.964,5.257,0.576,0.991666667,0,70.5,81.52380952,63.15714286,6.934285714,16.48333333,3464,1291.399189,583.1091109,3544,7136,605.7499038
81,0.232714286,19.394,0.045,15.048,6.759,1.183,0.345,0,73.3452381,82.64285714,63.71428571,6.928333333,17.63809524,3329,1285.098395,580.2640957,3404,6954,606.600818
82,0.248142857,20.817,0.045,16.524,8.089,0.984,0.731666667,0,75.61904762,86.85714286,64.38095238,6.982380952,18.12380952,3675,1314.450736,593.5176409,3500,7733,607.894983
83,0.276142857,16.97,0.037,19.143,6.351,0.377,1.321666667,0,72.46428571,82.21428571,62.97619048,4.915238095,13.55952381,3764,1313.317073,600.3765658,3408,6840,609.6136299
84,0.3,19.169,0.042,15,6.196,0.725,0.431666667,0,74.64285714,85.85714286,63.28571429,6.615,16.94761905,3728,1276.827046,589.2002842,3512,7745,611.731834
85,0.271142857,17.695,0.038,29.429,5.558,0.671,1.018333333,0,76.42857143,85.0952381,68.33333333,6.614761905,17.99761905,4091,1254.628375,578.9565603,3388,6945,614.218876
86,0.290428571,20.324,0.043,19.5,5.794,0.859,0.796666667,0,71.71428571,82.23809524,61.0952381,6.713142857,16.28571429,4030,1272.124956,587.0304732,3248,6936,617.0386874
87,0.257142857,18.284,0.04,18.548,6.232,1.183,0.978333333,0,73.36904762,82.83333333,63.64285714,5.970380952,15.76142857,3666,1315.98197,600.7396942,3568,6843,620.1503737
88,0.244428571,15.57,0.036,19.702,5.012,0.698,0.263333333,0,67.38095238,79.4047619,55.35714286,4.75047619,13.10952381,3546,1403.08581,602.2280002,3216,6663,623.5088075
89,0.230142857,17.969,0.039,17.071,5.525,0.797,0.638333333,0,69.95238095,80.76190476,58.42857143,6.833809524,18.02380952,3322,1369.798072,587.940344,2964,6724,627.0652829
90,0.279428571,24.435,0.039,25.942,5.22,0.926,0.866666667,0,65.94047619,77.16666667,55.0952381,5.22452381,14.30952381,4102,1373.355323,589.4671757,3276,7405,630.7682221
91,0.263571429,22.237,0.034,23.933,4.355,0.565,0.491666667,0,59.46428571,70.9047619,48.07142857,5.751190476,15.95,5145,1407.386728,604.0740266,3360,7098,634.5639228
92,0.261571429,19.8,0.029,26.75,4.549,0.533,0.371666667,0,58.73809524,66.5,51.47619048,5.597857143,13.34285714,5677,1716.6077,605.7809632,3678,7670,638.3973377
93,0.309714286,22.472,0.032,16.048,4.785,0.992,0.311666667,0,55.0952381,66.42857143,43.76190476,5.47,14.28333333,5372,1727.366492,591.9359429,3705,6764,642.2128726
94,0.301571429,22.992,0.034,19.988,7.653,1.072,0.441666667,0,57.13095238,67.71428571,46.14285714,6.807142857,17.38571429,5058,1710.908315,586.296036,3507,7626,645.9551923
95,0.228571429,17.054,0.027,12,3.108,0.683,2.266666667,0,46.5,52.02380952,40.4047619,9.597142857,19.48333333,5206,1746.325913,598.4329791,3936,7151,649.5700238
96,0.361857143,24.145,0.027,20.369,7.024,1.356,0.886666667,0.283333333,45.13095238,53.83333333,36.80952381,6.519047619,16.05952381,5037,1739.718149,616.9063199,3774,7666,653.0049427
97,0.37,25.577,0.029,19.81,6.156,1.683,0.465,0,45.76190476,55.07142857,35.83333333,5.820952381,15.85238095,4951,1667.413667,619.0142673,4554,8082,656.2101339
98,0.384142857,28.976,0.033,19.571,7.825,2.261,0.608333333,0,44.28571429,53.92857143,34.57142857,8.298571429,18.52380952,5039,1634.458715,606.7799994,4920,8331,659.139114
99,0.346142857,21.396,0.031,6.762,5.822,1.106,0.503333333,0.25,38.39285714,46.07142857,30.73809524,9.592142857,19.90714286,5024,1654.825995,614.3411928,5106,8727,661.7494052
100,0.403,24.788,0.024,12.31,7.469,0.976,0.911666667,0,39.89285714,45.85714286,34.21428571,5.22452381,14.72857143,4380,1724.775236,633.2717442,5379,8327,664.0031517
101,0.298571429,19.994,0.025,13.429,6.094,0.949,0.61,0.416666667,37.66666667,42.73809524,32.14285714,8.675952381,18.8452381,4937,1907.319058,659.2907657,6249,8568,665.8676684
102,0.293571429,20.806,0.029,19.159,8.006,1.092,0.471666667,3.133333333,28.89285714,34.45238095,23.04761905,9.057142857,19.44952381,4963,1862.572795,643.8236113,5677,9638,667.315915
103,0.418857143,30.521,0.028,18.984,9.855,1.629,0.53,2.75,19.92857143,29.19047619,10.52380952,8.899285714,20.61666667,5231,1862.572795,643.8236113,7236,8951,668.3268883
104,0.327142857,24.362,0.03,17.095,7.717,0.902,0.57,0.35,35.01190476,42.11904762,27.88095238,9.539047619,20.37142857,4930,1907.319058,659.2907657,7177,10138,668.8859265
105,0.342857143,22.757,0.031,13.595,7.608,2.529,0.821666667,0.983333333,31.97619048,38.80952381,24.26190476,8.81452381,19.83809524,4938,2344.26935,648.9018638,6278,11612,667.3111997
106,0.346,26.516,0.031,11.821,9.425,1.763,0.37,1.616666667,21.35714286,29.07142857,13.57142857,9.438095238,21.6952381,4599,2360.718744,631.8394286,7424,9603,666.6100304
107,0.412857143,27.166,0.03,7.433,9.21,2.64,0.593333333,0.116666667,30.83333333,38.5952381,22.57142857,7.515952381,17.12380952,4508,2338.22605,625.8193253,8200,8599,665.729509
108,0.355571429,21.001,0.026,8.967,7.72,2.546,0.866666667,0.4,36.73809524,40.97619048,33,7.66452381,16.89047619,4705,2386.629783,638.774442,6434,10417,664.408139
109,0.279285714,25.022,0.033,13.411,6.483,2.493,0.208333333,2,28.82142857,34.33333333,23.0952381,8.969285714,19.00714286,4333,2285.971505,648.6061026,8497,9766,662.6650836
110,0.312714286,22.852,0.036,17.898,7.99,2.3,0.485,0.216666667,28.16666667,35.64285714,20.88095238,9.900952381,22.29047619,4439,2065,637,8105,8889,660.5256214
111,0.368142857,28.563,0.035,16.771,8.153,3.615,0.901666667,5.5,24.30952381,31.04761905,17.11904762,8.643809524,19.52380952,4376,2027.738807,625.5058691,7659,8774,658.0207802
112,0.387,33.063,0.041,21.996,9.938,2.117,0.016666667,0.033333333,34.97619048,44.66666667,25.4047619,7.898333333,18.05,4225,2065,637,7143,8070,655.1868865
113,0.311,25.376,0.039,13.083,6.34,2.42,0.926666667,0.066666667,45.53571429,55.78571429,35.07142857,9.789285714,23.0547619,3917,1977.394393,648.6061026,6495,7777,652.0650392
114,0.295285714,22.656,0.041,9.79,5.758,2.203,0.326666667,0.233333333,29.39285714,39.04761905,19.76190476,10.35928571,22.28095238,3988,1782.952838,638.774442,4857,8362,648.7005128
115,0.242857143,19.209,0.04,7.407,4.563,1.922,1.008333333,8.55,20.60714286,26.76190476,13.78571429,11.99428571,23.99047619,4450,1746.792402,625.8193253,4356,8293,645.1421017
116,0.3,35.204,0.047,14.941,6.724,2.591,0.055,0.216666667,28.51190476,39.11904762,17.64285714,7.915238095,18.31666667,4368,1763.595768,631.8394286,4575,7468,641.4414119
117,0.306285714,30.181,0.037,10.429,6.387,2.329,0.86,0.066666667,36.47619048,44.14285714,29.07142857,7.051190476,16.9452381,4709,1804.845196,646.617767,5133,8053,637.6521129
118,0.310857143,26.587,0.041,3.917,3.8,3.732,1.711666667,0.333333333,41.52380952,48.83333333,34.21428571,7.690952381,18.07619048,4842,1884.787614,623.5387596,6138,7520,633.8291592
119,0.301428571,28.026,0.047,7.071,6.012,2.491,1.26,0.383333333,49.75,59.11904762,40.54761905,9.586904762,20.59285714,4912,1839.212386,608.4612404,6135,7915,630.0279933
120,0.254285714,22.755,0.045,14.307,5.015,1.917,0.345,0,50.92857143,62.54761905,39.33333333,8.276190476,19.26904762,4576,1834.448477,606.8852105,5424,8420,626.3037419
121,0.3,22.278,0.037,9.595,3.534,2.611,1.088333333,0,50.29761905,59.26190476,41.66666667,7.807857143,17.12619048,4331,1879.027777,621.6332497,4401,8597,622.7104162
122,0.255714286,21.636,0.042,14.552,4.908,1.903,1.426666667,0,56.47619048,65.97619048,46.9047619,9.347619048,22.31904762,4597,1888.39081,631.489724,3798,8277,619.3001286
123,0.223571429,17.663,0.036,6.305,2.866,2.429,1.88,0,47.61904762,55.11904762,39.92857143,6.870952381,17.05238095,6937,1846.446717,620.1273881,3762,7889,616.1223369
124,0.280714286,22.575,0.046,13.405,5.827,2.357,0.613333333,0,57.04761905,67.38095238,46.73809524,7.786428571,18.20714286,6384,1821.051017,611.598266,4149,7174,613.2231272
125,0.249714286,20.225,0.041,13.6,3.977,2.744,0.501666667,0,61.32142857,71.92857143,50.5,7.659761905,18.50714286,5577,1853.271645,622.4195335,4341,8321,610.6445456
126,0.241428571,16.382,0.037,12.024,3.451,1.728,1.525,0,60.69047619,68.42857143,53.21428571,6.998571429,16.72619048,5008,1847.632852,628.1003403,3627,7895,608.4239879
127,0.253857143,21.648,0.036,10.641,3.514,2.243,0.86,0,57.71428571,66.16666667,49.23809524,6.641666667,16.68809524,4485,1724.692923,605.4024139,3798,8571,606.593658
128,0.257142857,22.275,0.056,23.786,9.287,1.214,0.056666667,0,70.52380952,81.78571429,59.19047619,7.312142857,17.59047619,4165,1686.344858,591.9414602,3543,8077,605.1801004
129,0.231428571,17.531,0.04,17.165,5.715,0.79,1.265,0,70.30952381,78.97619048,61.9047619,8.106190476,18.11190476,3861,1699.316521,596.4947787,3405,7772,604.2038152
130,0.214428571,18.382,0.041,15.135,5.055,1.239,2.045,0,67.0952381,75.97619048,58.14285714,6.743095238,19.49047619,3613,1740.376403,610.9076352,3039,8016,603.6789611
131,0.244285714,21.016,0.041,19.583,8.304,1.183,1.34,0,70.67857143,79.76190476,61.71428571,6.012619048,16.20238095,3526,1446.098534,574.1861825,3240,6773,603.6131497
132,0.23,22.555,0.044,20.96,7.048,2.028,1.278333333,0,71.70238095,80.28571429,63.5,6.726904762,17.23333333,3252,1411.920533,560.6155058,3102,8181,604.0073356
133,0.232857143,19.084,0.044,16.019,7.214,1.282,1.111666667,0,71.46428571,80.07142857,63.28571429,5.917142857,15.36666667,4140,1405.03171,557.8802379,3728,7880,604.855802
134,0.225857143,16.233,0.035,9.457,6.568,1.94,1.3,0,69.55952381,77.64285714,61.5,5.655952381,14.58333333,3129,1437.123393,570.6225236,3332,7500,606.146244
135,0.278714286,21.655,0.042,9.943,8.208,1.139,0.2,0,69.76190476,80.64285714,58.9047619,5.038095238,14.22142857,3140,1453.73136,577.2168635,3456,7643,607.8599468
136,0.228571429,21.216,0.039,10.512,6.518,1.105,1.068333333,0,69.20238095,78.47619048,59.95238095,6.342857143,17.42380952,3726,1426.669492,566.4717102,3268,7381,609.9720575
137,0.262714286,22.568,0.04,17,6.988,0.814,0.568333333,0,70.51190476,79.9047619,61.11904762,5.267142857,14.75952381,4092,1401.865688,556.623141,3460,7562,612.451945
138,0.242142857,18.587,0.039,13.579,7.942,1.179,1.58,0,72.0952381,81.07142857,62.95238095,7.322857143,17.96666667,3230,1421.415586,564.3856004,3164,7735,615.2636446
139,0.264285714,18.561,0.034,13.433,6.26,0.873,0.05,0,62.48809524,73.35714286,51.57142857,4.25452381,12.41428571,3236,1485.780123,579.641523,3260,7019,618.3663795
140,0.242857143,15.965,0.033,14.833,7.023,0.881,1.368333333,0,60.4047619,69.61904762,51.04761905,6.193809524,16.69047619,4230,1674.171366,593.3771929,3324,7770,621.715152
141,0.304285714,23.074,0.03,10.762,4.901,1.01,0.542333333,0,59.82142857,71,48.85714286,4.260714286,14.08333333,3641,1634.452215,579.2995191,3032,7057,625.2613965
142,0.317142857,19.558,0.035,21.048,8.766,1.18,0.07,0,69.77380952,80.26190476,59.76190476,3.797619048,11.51904762,4450,1638.69675,580.8039113,3692,8640,628.9536833
143,0.368571429,25.079,0.043,16.417,8.074,1.656,0.011666667,0,72.10714286,84.76190476,59.80952381,4.362142857,12.29761905,4972,1679.30325,595.1960887,3360,7485,632.7384649
144,0.332,24.945,0.037,17.897,5.418,1.275,0.416666667,0,56.35714286,68,44.4047619,6.236666667,15.59761905,4326,1629.277262,615.135008,3210,8114,636.5608522
145,0.307142857,20.567,0.03,12.544,5.511,1.432,1.968333333,0,64.05952381,71.54761905,56.19047619,6.902619048,17.2452381,4586,1583.070217,604.0662669,3156,7976,640.3654109
146,0.302857143,21.775,0.033,8.286,5.244,1.038,0.198333333,0,54.78571429,65.14285714,44.47619048,7.653809524,17.7547619,4421,1567.986881,598.3107835,3411,8125,644.096965
147,0.385714286,27.359,0.037,17.869,6.235,1.174,0.596666667,0,59.33333333,70.07142857,48.30952381,6.769761905,17.39285714,4554,1600.445855,610.6964445,3822,8400,647.7013977
148,0.334285714,21.987,0.031,14.733,5.323,1.99,2.36,0.016666667,49.17857143,56.9047619,41.35714286,8.351666667,19.45952381,4781,1661.923194,632.3867894,4140,8189,651.1264353
149,0.33,22.015,0.025,11.333,4.728,1.099,1.38,0,46.53571429,55.47619048,36.9047619,7.627857143,17.67857143,4556,1683.211827,638.2178177,4518,8425,654.3224061
150,0.374285714,25.483,0.029,12.095,6.858,1.591,0.105,0.016666667,33.54761905,41.5952381,25.80952381,6.284761905,15.75238095,4710,1649.944638,625.6040086,4767,8420,657.2429603
151,0.356142857,23.995,0.031,13.286,5.699,1.535,0.771666667,0,37.52380952,45.80952381,29.14285714,9.740952381,22.17142857,4810,1670.504892,633.3997714,5367,8129,659.8457425
152,0.356857143,26.042,0.03,10.981,7.042,1.692,0.118333333,0,37.72619048,47.35714286,27.9047619,9.176428571,21.08571429,4505,1727.4492,642.5479015,5373,9187,662.0930056
153,0.417142857,24.541,0.026,17.69,9.271,1.946,0.575,0.283333333,39.35714286,46.88095238,31.11904762,7.488571429,17.68095238,4918,1830.641713,607.857866,6117,8890,663.9521586
154,0.298571429,24.247,0.029,15.298,7.657,2.042,0.313333333,3.383333333,27.73809524,32.69047619,21.88095238,8.239285714,18.28333333,4587,1787.694322,593.5973425,6087,8976,665.3962391
155,0.348571429,28.892,0.029,13.533,9.105,1.963,0.275,1.733333333,22.30952381,30.64285714,13.69047619,7.515238095,17.35952381,4499,1787.694322,593.5973425,6180,8891,666.4043041
156,0.302857143,22.107,0.032,8.357,7.428,2.771,0.633333333,2.65,18.54761905,27.41904762,13.72380952,8.015238095,18.5452381,4391,1830.641713,607.857866,7179,9473,666.9617341
157,0.332857143,28.543,0.031,12.202,9.297,3.159,0.083333333,1.616666667,4.30952381,13.80952381,-5.166666667,7.125952381,16.76190476,4349,2067.113289,652.8066939,8298,9772,680.5943266
158,0.354285714,29.494,0.031,17.06,10.13,2.885,0.298333333,3.15,13.95238095,23.42857143,4.5,10.50285714,21.56190476,772,2111.220209,654.9660054,1316,4248,685.6365736
159,0.372428571,24.665,0.03,11.065,9.26,2.105,1.291666667,3.916666667,22.44047619,32.9047619,10.92857143,8.378571429,17.42857143,3728,2082.182861,645.9577192,6089,9183,684.7970367
160,0.408857143,31.71,0.032,17.292,10.951,2.82,0.45,0.316666667,32,38.95238095,25.5,9.86452381,20.68571429,4687,2119.023805,657.386923,8564,7983,683.5018446
161,0.331428571,29.659,0.03,19.75,7.89,2.485,0.201666667,1.066666667,25.69047619,34.47619048,16.71428571,8.56952381,18.21428571,4873,2089.806126,659.6265463,6885,9763,681.7697809
162,0.359857143,29.225,0.035,16.183,7.904,2.499,0.8,3.2,23.19047619,31.52380952,14.16666667,9.198095238,20.7452381,4904,1890.560629,625.5014719,7991,10006,679.6259651
163,0.474285714,36.845,0.031,14.294,10.373,1.583,0.676666667,1.266666667,25.30952381,34.85714286,15.71428571,7.392142857,17.72857143,4609,1849.874722,612.0403356,9107,10619,677.101488
164,0.411428571,29.063,0.033,14.476,7.585,1.494,0.788333333,1.05,38.97619048,49.21428571,28.5,7.77047619,19.5452381,5015,1875.439371,620.4985281,9616,8145,674.2329608
165,0.357142857,31.438,0.036,7.286,6.176,2.575,0.561666667,0.65,38.55952381,47.5952381,30.02380952,8.856904762,19.85952381,4658,1816.386299,625.8479973,9339,9293,671.0619846
166,0.292857143,24.687,0.039,6.964,4.011,2.578,1.193333333,6.2,34.66666667,39.16666667,29.76190476,9.810714286,19.31904762,4321,1549.838953,598.8014137,6865,9230,667.6345467
167,0.251428571,25.024,0.041,10.833,4.781,1.955,0.541666667,4.7,30.76190476,35.27619048,27.43809524,9.038333333,17.88095238,4000,1515.230276,585.4298793,7453,7730,664.0003535
168,0.272857143,27.876,0.043,10.233,4.777,2.119,0.188333333,2.083333333,25.13095238,33.85714286,16.35714286,9.555238095,19.82857143,4558,1522.659398,588.3002221,6408,6880,660.2121103
169,0.33,29.963,0.039,15.655,5.944,1.911,0.091666667,0.033333333,35.07142857,43.73809524,26.66666667,7.094761905,17.01190476,5071,1559.518027,602.5410558,5577,6951,656.3247563
170,0.314285714,28.971,0.043,11.262,4.784,1.909,1.118333333,1.083333333,39.76190476,48.76190476,30.47619048,9.305,20.62380952,5065,1587.121282,622.0547895,5475,6891,652.3946679
171,0.335714286,31.426,0.045,11.571,6.479,1.04,0.118333333,0.766666667,32.85714286,41.04761905,24.69047619,8.616904762,20.49047619,4650,1553.660819,610.3667503,5328,6675,648.4788416
172,0.286571429,20.956,0.041,20.857,5.438,1.889,1.966666667,0.616666667,39.97619048,46.95238095,32.95238095,10.91857143,21.64285714,4486,1541.801013,605.7075407,4296,7098,644.6340667
173,0.31,32.745,0.049,6.75,4.496,1.634,0.633333333,0,46.01190476,56.92857143,35.07142857,7.02,17.35238095,4791,1576.862101,619.4815398,3993,8046,640.9161024
174,0.298571429,35.551,0.052,16,6.678,1.075,0.743333333,0,51.73809524,61.42857143,42.0952381,7.450714286,17.95952381,4579,1604.359931,618.9515149,3846,7940,637.3788687
175,0.298571429,30.554,0.052,18.833,6.168,1.643,0.32,0,61.42857143,73.83333333,48.85714286,6.710714286,18.3952381,4841,1580.526006,601.4390998,3780,8247,634.0736645
176,0.317142857,25.116,0.042,14.905,5.478,1.131,0.608333333,0,58.02380952,69.07142857,47,6.891428571,17.94285714,5063,1553.047282,590.9825942,3927,8625,631.0484236
177,0.308571429,24.572,0.042,15.702,4.929,2.019,0.948333333,0,60.17857143,70.47619048,49.88095238,7.061904762,17.23809524,6651,1574.705502,599.2242177,3894,7331,628.3470198
178,0.305428571,27.023,0.049,24.976,8.242,1.914,0.181666667,0,67.83333333,79.5,56.28571429,6.470952381,16.12857143,5991,1592.424283,609.1156783,3717,7057,626.0086304
179,0.271428571,20.409,0.034,15.243,4.321,1.302,0.94,0,64.1547619,72.33333333,55.76190476,7.462142857,17.27619048,5144,1483.442982,586.3131787,3942,6937,624.067168
180,0.288571429,24.378,0.044,15.885,5.306,1.161,0.298333333,0,63.95238095,75.83333333,52.02380952,6.183095238,16.19285714,4637,1448.248798,572.4030963,3942,8106,622.5507887
181,0.302,24.453,0.047,13.079,6.958,0.712,1.235,0,69.02380952,80.21428571,57.64285714,6.465952381,16.50952381,4162,1452.009778,573.889579,3630,7687,621.481484
182,0.244428571,18.01,0.037,12.976,4.542,0.429,0.853333333,0,64.8452381,74.85714286,54.42857143,5.400952381,14.60952381,3830,1487.990222,588.110421,3498,7162,620.8747614
183,0.328571429,25.245,0.054,21.631,12.404,1.131,0.458333333,0,78.55952381,88.73809524,68.33333333,5.565714286,14.58809524,3732,1291.367085,589.772249,3030,9037,620.73942
184,0.25,21.537,0.046,13.345,5.952,0.888,0.238333333,0,72.55952381,84.38095238,59.92857143,6.603809524,16.87619048,3334,1228.962405,576.2931052,3624,9085,621.0774226
185,0.274285714,20.876,0.05,17.667,8.214,0.739,1.225,0,74.10714286,85.16666667,62.78571429,5.217142857,13.96190476,3331,1217.252973,570.8022417,3224,8412,621.8838673
186,0.21,14.696,0.037,14.286,4.448,1.56,1.666666667,0,73.73809524,83.64285714,63.9047619,6.737380952,16.71190476,3172,1242.451387,582.6184471,3404,7444,623.1470586
187,0.287571429,21.406,0.041,17.869,6.628,0.771,0.661666667,0,72.86904762,81.71428571,64.35714286,5.630238095,16.40238095,3357,1237.357218,591.687914,3140,7929,624.848677
188,0.294285714,22.293,0.046,24.424,9.597,1.421,1.283333333,0,76.45238095,85.14285714,68.26190476,4.985714286,14.83095238,4089,1186.295392,582.6184471,2628,7401,626.9640446
189,0.304285714,21.415,0.04,14.612,9.715,1.046,1.106666667,0,72.77380952,81.78571429,63.64285714,4.719047619,13.70714286,4146,1162.23589,570.8022417,2824,7645,629.4624833
190,0.256142857,16.629,0.034,15.805,7.051,0.849,1.131666667,0,69.5,79.81428571,62.40952381,6.300714286,15.65952381,3445,1173.416082,576.2931052,3100,7855,632.3077593
191,0.318,21.415,0.046,16.6,12.6,1.313,0.26,0,74.4047619,84.0952381,65,6.971904762,18.23095238,3373,1200.861567,589.772249,3096,8207,635.4586088
192,0.292,18.834,0.038,17.845,6.991,1.07,0.131666667,0,73.73809524,83.54761905,64.33333333,6.22047619,15.23333333,3954,1480.904554,595.1960887,2880,7951,638.8693364
193,0.274285714,14.243,0.022,15.226,3.401,1.483,1.096666667,0,62.75,70.85714286,54.52380952,5.368095238,13.60238095,3556,1445.095446,580.8039113,3104,8206,642.490478
194,0.292857143,18.693,0.03,13.976,4.672,1.437,0.626666667,0,70.70238095,80.97619048,61.07142857,4.461,12.43619048,3566,1441.352375,579.2995191,3296,7577,646.2695176
195,0.229428571,14.421,0.028,8.841,3.594,1.635,1.706666667,0,60.76190476,69.97619048,51.28571429,8.287380952,18.6952381,4173,1476.378968,593.3771929,3580,8591,650.1516495
196,0.307,22.855,0.029,10.849,5.217,1.282,1.3,0,56.88095238,63.35714286,49.85714286,5.267142857,14.14761905,5252,1772.135722,613.1739849,3903,7618,654.080573
197,0.332571429,19.937,0.024,13.458,5.244,1.586,0.493333333,0,61.20238095,70.42857143,52.23809524,7.387380952,16.92380952,5708,1846.446717,606.1919411,4203,7238,657.9993086
198,0.264285714,21.108,0.03,10.704,3.537,1.253,0.738333333,0,48.8452381,58.34285714,41.97142857,9.017857143,21.25333333,5764,1821.051017,597.8544848,4773,7672,661.8510245
199,0.288571429,22.011,0.029,11.254,4.101,1.407,0.205,0.016666667,43.79761905,51.19047619,36.35714286,9.504285714,20.94,5467,1853.271645,608.4325777,4725,7866,665.5798612
200,0.358571429,27.494,0.029,7.076,5.114,2.819,1.06,0,40.36904762,46.83333333,33.88095238,6.793714286,16.54285714,5564,1792.611338,621.9996793,5247,7852,669.1317409
201,0.315714286,21.536,0.025,5.832,4.355,2.306,1.591666667,0,47.20238095,52.57142857,41.30952381,9.069428571,21.92571429,5188,1534.624724,619.4815398,5562,7752,672.4551523
202,0.360857143,25.815,0.028,5.596,4.909,1.548,0.861666667,0.266666667,35.0952381,41.45238095,28.26190476,8.078571429,20.18571429,4893,1500.502771,605.7075407,5262,8800,675.5018974
203,0.372857143,24.785,0.028,6.583,6.856,2.264,0.915,3.2,30.63095238,37.07142857,23.95238095,6.991714286,17.24285714,4760,1512.044904,610.3667503,5385,8839,678.2277907
204,0.364714286,25.65,0.027,4.405,5.222,2.165,1.24,1.566666667,30.19047619,36.97619048,23.61904762,7.465142857,16.70857143,4567,1548.579819,625.1147895,5433,9571,680.5932997
205,0.46,28.44,0.026,4.679,6.575,1.457,0.5,0.116666667,35.03571429,40.04761905,29.85714286,6.551428571,15.45714286,4519,1729.647266,588.3636192,6015,8086,682.5641185
206,0.357142857,31.408,0.028,12.571,9.924,1.788,0.295,1.333333333,24.0952381,32.42857143,15.38095238,6.474857143,16.21142857,4746,1688.767696,574.4578639,6087,8870,684.1116652
207,0.473428571,32.552,0.028,8.468,8.817,1.969,0.423333333,0.6,30.71428571,38.14285714,23.38095238,6.64,16.89714286,4889,1680.528124,571.6550586,5700,8815,685.2134965
208,0.342857143,22.825,0.029,7.829,7.382,1.927,1.226666667,0.45,31.61904762,39.0952381,24.21428571,6.602571429,16.25428571,4733,1718.912293,584.7119687,6673,9415,685.8536329
209,0.401428571,25.374,0.026,11.055,7.364,2.555,0.97,0.4,31.66666667,41.47619048,21.85714286,8.545142857,20.63142857,4665,1832.344505,603.6736248,6616,9571,700.0719106
210,0.39,24.039,0.028,17.659,7.682,1.662,0.658333333,0.5,31.38095238,38.71428571,24.04761905,9.305714286,21.94,4467,1867.2586,601.4390998,7034,9533,710.2940053
211,0.352857143,27.265,0.034,14.939,8.314,1.603,0.018333333,0.35,17.67857143,25.61904762,9.880952381,8.564571429,18.16,1984,1834.794798,590.9825942,3744,7943,709.4929985
212,0.335714286,28.694,0.033,19.883,7.101,2.977,1.163333333,5.016666667,13.77380952,22.88095238,4.404761905,9.319142857,19.82571429,4002,1860.382164,599.2242177,7173,8071,708.2177803
213,0.31,25.657,0.035,23.576,8.238,3.093,1.478333333,7.866666667,20.63095238,30.14285714,10.35714286,9.854571429,22.61714286,4314,1877.122201,615.2273249,7418,7711,706.4868445
214,0.46,32.851,0.03,18.196,11.663,3.108,0.68,0.166666667,23.67857143,33.80952381,14,8.340857143,18.5,4230,1721.372049,627.8775095,7340,8661,704.3252941
215,0.295857143,20.603,0.037,24.361,5.664,2.672,0.956666667,2.166666667,26.60714286,34.5,18.47619048,11.43342857,23.72571429,4241,1680.232655,612.8717471,6980,8510,701.7644772
216,0.316714286,27.582,0.04,15.863,6.379,3.016,0.298333333,1.333333333,22.4047619,31.73809524,12.76190476,8.839142857,19.84857143,4197,1694.627951,618.1224905,8023,8297,698.8415321
217,0.29,23.397,0.04,22.272,6.175,2.068,0.558333333,1.666666667,27.01190476,33.66666667,20,11.52342857,23.46,4127,1727.633078,632.1168539,7707,8158,695.5988491
218,0.328571429,26.338,0.043,23.499,7.917,2.741,0.418333333,3.8,19.5,28.14285714,10.83333333,6.308857143,16.80857143,4156,1668.075074,621.9940954,6280,8422,692.0834552
219,0.38,34.156,0.047,53.54,8.804,2.893,0.436666667,0.416666667,27.5,36.30952381,18.61904762,9.479857143,20.08142857,4070,1628.941545,607.4019319,8005,8340,688.3463326
220,0.312857143,28.171,0.045,16.989,5.807,1.052,0.183333333,0.183333333,37.07142857,46.35714286,28.16666667,8.719047619,20.55,3969,1628.941545,607.4019319,6501,8048,684.4416793
221,0.29,25.504,0.046,19.119,4.557,1.209,0.53,0.233333333,34.75,43.47619048,25.80952381,8.968809524,19.45714286,4174,1668.075074,621.9940954,6645,8003,680.4261227
222,0.351142857,31.488,0.045,25.374,6.166,1.83,0.551666667,0.433333333,41.26190476,50.9047619,31.33333333,9.629285714,22.06428571,4711,1664.376839,605.985305,6711,7611,676.3578985
223,0.321428571,24.448,0.042,57.004,5.753,2.071,0.563333333,0.35,42.07142857,50.80952381,33.35714286,7.483333333,18.4,4910,1621.781832,584.676712,6315,7298,672.2960065
224,0.281571429,24.72,0.045,17.165,4.438,2.183,1.041666667,0,46.63095238,57,36.52380952,8.600952381,20.01190476,4488,1601.821253,577.4806234,6078,7266,668.2993544
225,0.287142857,22.745,0.041,14.85,4.982,2.964,1.103333333,0,54.57142857,63.54761905,45.57142857,9.203809524,19.94285714,4391,1634.118149,589.1241394,5970,7133,664.425904
226,0.295714286,21.169,0.04,20.996,4.516,2.362,0.88,0.016666667,46.67857143,54.95238095,38.66666667,7.764761905,18.06428571,4656,1648.699479,604.8943049,6195,7460,660.7318301
227,0.305714286,20.27,0.039,23.038,4.514,1.821,0.635,0,52.9047619,61.80952381,44.26190476,5.900952381,14.54761905,4242,1607.465354,603.6769451,5430,6841,657.2707062
228,0.252857143,24.495,0.037,16.602,3.282,1.868,1.745,0,51.02380952,59.57142857,42.95238095,7.466666667,17.76190476,4265,1574.864016,591.433648,4455,8212,654.0927275
229,0.26,25.52,0.043,39.533,5.702,1.422,0.405,0,58.58333333,69.45238095,47.64285714,7.536904762,18.51428571,4280,1590.013507,597.1229765,4377,8227,651.2439829
230,0.29,20.406,0.037,32.155,4.701,0.893,1.188333333,0,59.61904762,68.97619048,50.42857143,6.918571429,17.4952381,4927,1627.202952,611.0893183,4128,8419,648.7657863
231,0.275714286,20.508,0.044,28.246,7.248,1.1,0.993333333,0,59.67857143,69.21428571,50.14285714,6.683809524,17.23809524,5547,1452.561883,595.1960887,4194,6939,646.694078
232,0.267142857,23.332,0.041,30.07,3.897,0.738,1.071666667,0,64.88095238,77.35714286,51.69047619,6.301190476,16.17619048,5232,1417.438117,580.8039113,4641,8175,645.058903
233,0.268571429,19.542,0.037,25.129,5.174,0.915,0.891666667,0,64.36904762,73.16666667,55.61904762,6.193571429,16.43809524,4826,1413.766684,579.2995191,4464,7625,643.8839755
234,0.28,22.877,0.043,32.201,5.372,1.043,1.358333333,0,69.07142857,78.9047619,58.83333333,6.982142857,17.34761905,4119,1448.122911,593.3771929,4005,7908,643.186335
235,0.303428571,20.938,0.047,25.713,8.658,0.916,0.348333333,0,73.02380952,83.14285714,62.9047619,5.506666667,15.9452381,3979,1317.04803,603.0164976,3957,8493,642.9760991
236,0.295714286,20.054,0.044,25.261,8.418,0.798,0.37,0,73.91666667,85.4047619,62.07142857,4.851428571,13.50952381,3623,1233.287053,592.2564942,3675,8208,643.2563168
237,0.279714286,17.997,0.041,23.431,6.28,0.958,1.246666667,0,73.76190476,83.19047619,64.19047619,6.53,17.19761905,3740,1216.324641,584.1107035,3636,7797,644.022924
238,0.237857143,17.426,0.04,25.261,6.543,0.922,0.856666667,0,74.57142857,83.28571429,66.28571429,6.103095238,16.12142857,3881,1237.845589,594.4456218,3144,9121,645.2648032
239,0.317142857,21.078,0.05,24.525,10.107,0.988,0.401666667,0,75.27380952,85.52380952,65.14285714,5.742142857,16.45238095,3660,1230.756192,601.6454605,3672,8752,646.9639438
240,0.287142857,19.391,0.046,17.706,6.484,0.975,0.858333333,0,71.0952381,82.9047619,59.38095238,4.703095238,15.1,3689,1141.245047,584.7119687,3624,8013,649.095704
241,0.295714286,19.341,0.036,19.431,6.266,1.435,0.796666667,0,70.46428571,80.26190476,60.61904762,6.492380952,17.94761905,3261,1115.760476,571.6550586,3348,7978,651.6291678
242,0.28,19.565,0.043,25.587,6.37,1.082,1.235,0,72.10714286,82.4047619,62.35714286,5.144761905,15.88809524,2020,1121.231012,574.4578639,1688,5731,654.5275935
243,0.27,14.78,0.03,27.996,3.426,1.103,0.675,0,66.3452381,76.28571429,56.21428571,5.517619048,14.42619048,3288,1148.372365,588.3636192,2008,7415,657.7489466
244,0.287142857,17.04,0.036,23.603,4.834,1.057,1.436666667,0,66.92857143,76.02380952,57.30952381,6.615238095,16.66666667,3587,1406.289739,589.5969037,3260,8185,661.2465091
245,0.291428571,18.502,0.033,20.724,4.966,1.352,0.771666667,0,62.54761905,72.97619048,52.28571429,5.112857143,14.66904762,3559,1414.941103,575.6868213,3176,8127,664.9695576
246,0.277142857,19.069,0.033,15.404,4.041,0.955,0.203333333,0,61.22619048,71.61904762,50.33333333,6.60452381,16.58333333,3744,1404.140208,571.2923395,3392,8547,668.8640982
247,0.339571429,22.349,0.043,15.105,7.34,0.612,0.433333333,0,64.57142857,76.92857143,52.71428571,5.256666667,14.46428571,3890,1436.070842,584.283725,3204,7866,672.8736502
248,0.28,16.884,0.033,18.363,4.522,1.787,1.305,0,61.95238095,71.42857143,51.69047619,6.988095238,16.78809524,4995,1510.657939,603.6623456,3045,8946,676.9400648
249,0.271428571,13.712,0.029,18.284,3.28,1.573,0.726666667,0,51.6547619,60.80952381,42.23809524,6.322142857,15.52380952,6118,1524.578183,601.4390998,4344,7828,681.0043687
250,0.276571429,18.953,0.033,26.566,3.937,2.386,1.131666667,0,52.5,63.80952381,41.21428571,6.145714286,16.81190476,5415,1498.072157,590.9825942,4221,7212,685.007619
251,0.404285714,24.261,0.031,27.772,5.353,1.965,1.51,0,49.5952381,57.61904762,41.23809524,7.328095238,17.23809524,4398,1518.963715,599.2242177,3507,8637,688.8917584
252,0.368571429,21.671,0.029,30.309,4.958,1.204,1.275,0,51.20238095,59.73809524,44.41904762,5.875,15.14285714,4345,1541.595208,612.1743671,3384,8616,692.600457
253,0.312714286,24.785,0.03,31.281,5.177,1.374,1.721666667,0,44.48809524,53,36.69047619,9.182142857,22.5952381,4383,1469.314954,607.5052213,3606,9144,696.0799291
254,0.331857143,27.462,0.029,26.856,5.714,1.343,0.63,2.183333333,29.75,36.83333333,22.14285714,8.165238095,17.94047619,4210,1434.455952,593.0923648,3993,8977,699.2797134
255,0.337571429,25.831,0.03,27.804,6.638,1.539,0.35,0.266666667,30.32142857,37.9047619,22.97619048,6.337380952,14.95238095,4583,1438.181114,594.6325759,4200,9346,702.1534051
256,0.390571429,28.431,0.027,14.943,8.084,1.79,0.681666667,0.033333333,39.5,48.35714286,30.92857143,7.450238095,19.85952381,4671,1473.818886,609.3674241,5085,10182,704.6593281
257,0.284285714,21.605,0.029,16.575,4.823,1.395,1.141666667,5.233333333,28.6547619,34,22.76190476,8.713571429,18.03809524,4685,1672.725539,598.9179388,5535,8625,706.7611402
258,0.328428571,28.927,0.03,16.022,6.246,1.091,0.548333333,1,31.19047619,39.64285714,22.16666667,8.787857143,20.62857143,4641,1666.389702,583.2363956,5991,8023,708.4283598
259,0.337142857,25.515,0.03,17.083,6.637,1.436,1.185,1.15,29.3452381,36,22.04761905,7.75952381,18.56190476,4379,1650.512506,577.6793772,5953,9683,709.6368078
260,0.504428571,32.312,0.029,22.732,12.216,2.158,0.001666667,0.2,24.6547619,33.35714286,16.14285714,6.444761905,15.58095238,4448,1684.679847,589.6379464,6954,8957,710.3689588
261,0.350285714,22.559,0.027,8.233,8.479,2.636,1.021666667,0.166666667,36.36904762,41.45238095,31.38095238,8.356666667,18.68333333,4302,1725.36081,599.5356788,6725,9676,685.6237697
262,0.352571429,25.388,0.029,11.536,8.012,2.105,0.265,1,33.83333333,39.5952381,27.33333333,7.919761905,19.04761905,4087,1717.902204,591.2903194,5979,9814,652.0778165
263,0.330142857,24.071,0.026,12.55,8.084,2.531,0.866666667,0,34.89285714,43.02380952,27.33333333,8.324047619,20.13333333,3846,1683.061074,579.298238,7327,10553,651.405744
264,0.393571429,30.165,0.033,19.921,7.972,1.954,0.41,2.216666667,19.41666667,28.52380952,10,8.989619048,20.37619048,2756,1699.251373,584.8708292,6659,8259,650.2964582
265,0.363285714,25.5,0.031,9.77,7.096,2.409,0.743333333,0.216666667,32.19047619,38.28571429,25.88095238,6.867571429,14.84714286,3796,1738.995825,598.5506007,7010,7764,648.7660466
266,0.444428571,30.082,0.028,11.595,8.733,2.107,0.088333333,0.6,29.64285714,36.80952381,22.4047619,4.233571429,11.99047619,3706,1726.123009,596.2815272,7170,8191,646.8367041
267,0.382571429,31.078,0.033,11.893,7.302,2.32,0.978333333,2.033333333,25.48809524,32.61904762,17.95238095,7.311904762,18.07380952,3770,1682.839208,581.3293306,7639,8521,644.536411
268,0.339571429,25.929,0.036,9.936,6.741,1.973,0.255,1.033333333,24.44047619,34.73809524,13.80952381,9.043333333,21.32619048,3823,1687.716121,583.0140385,8440,9831,641.8985275
269,0.370142857,31.198,0.04,7.333,8.295,2.73,0.163333333,0.083333333,31.73809524,40.14285714,23.52380952,8.212857143,18.16666667,3754,1730.999922,597.9662351,8960,9055,638.9613096
270,0.306285714,29.835,0.039,6.977,6.567,3.417,1.206666667,0.533333333,33.91666667,41.88888889,26.11111111,10.6875,23.91388889,3805,1718.318512,597.1210044,7654,8564,635.7673545
271,0.332428571,27.802,0.04,10.486,5.878,2,0.326666667,0.366666667,40.19047619,48.33333333,31.88095238,8.905714286,19.97142857,3750,1677.706693,583.0082716,5772,8108,632.3629827
272,0.250857143,21.682,0.038,8,4.778,2.779,0.336666667,0.033333333,38.51190476,46.95238095,30.5,9.607857143,19.90238095,4260,1669.521088,580.1637485,8948,7962,628.7975663
273,0.247428571,20.624,0.04,5.393,4.468,1.334,0.858333333,1.016666667,38.33333333,47.35714286,29.33333333,7.989047619,18.46428571,3403,1707.65385,593.4150016,7219,7686,625.1228129
274,0.236571429,14.358,0.039,6.75,2.964,3.675,0.833333333,0,43.57142857,52.45238095,35,8.137380952,19.04047619,3600,1723.436566,600.2080856,8388,7674,621.3920159
275,0.252428571,20.231,0.04,7.226,4.449,2.176,0.323333333,0,46.47619048,55.76190476,37.47619048,7.126428571,17.28095238,3842,1687.100923,588.5204932,7050,8895,617.6592813
276,0.220571429,18.435,0.044,6.702,4.504,1.567,1.021666667,0.433333333,43.70238095,50.9047619,35.95238095,11.5097619,24.42619048,3246,1659.416708,578.8632595,6561,7310,613.9787433
277,0.234857143,21.974,0.043,5.143,4.765,1.894,0.283333333,0.45,39.10714286,48.14285714,30.16666667,10.17333333,22.8,3888,1687.100923,588.5204932,4716,4976,610.4037792
278,0.250714286,19.033,0.043,8.024,3.877,2.599,0.553333333,0,44.97619048,56.02380952,34.42857143,7.945952381,17.74285714,2508,1718.718799,600.2080856,5071,4848,606.986235
279,0.237857143,19.734,0.042,9.405,3.42,1.139,0.638333333,0,51.86904762,61.11904762,41.9047619,8.351190476,18.48095238,2200,1694.60999,593.4150016,7232,4482,603.7756739
280,0.239714286,22.173,0.042,6.75,4.008,1.088,0.3,0.05,43.38095238,52.54761905,34.04761905,9.523095238,21.6547619,1988,1670.679174,580.1637485,3977,5601,600.8186573
281,0.211428571,16.777,0.043,13,3.845,3.044,0.525,0,57.36904762,69.4047619,45.80952381,7.131809524,17.77571429,2188,1696.031244,583.0082716,3764,5696,598.1580693
282,0.255428571,16.075,0.037,16.143,4.635,2.131,0.386666667,0,67.01190476,80.45238095,53.78571429,7.125142857,16.62571429,2260,1708.212365,591.7733781,2368,7103,595.8324953
283,0.207285714,18.943,0.045,14.905,5.055,0.806,0.89,0,61.86904762,71,52.71428571,8.136285714,19.96,2716,1584.927769,571.890758,1800,7243,593.8756622
284,0.265714286,18.547,0.043,11.095,4.949,1.218,0.358333333,0,67.95238095,79.85714286,55.76190476,6.883714286,18.57142857,2740,1554.849853,558.6312626,1504,7579,592.3159489
285,0.207142857,13.494,0.038,9.095,3.406,1.731,0.193333333,0,63.03571429,75.19047619,49.9047619,6.832,17.39142857,2864,1563.103193,561.970865,1300,6864,591.1759753
286,0.221428571,18.457,0.048,13.333,6.007,0.956,0.476666667,0,75.42857143,86.71428571,64.07142857,6.379904762,16.32380952,3052,1592.149447,575.0716127,1084,6385,590.4722739
287,0.262285714,17.853,0.039,15.778,6.953,1.747,0.668333333,0,70.94047619,80.71428571,61.64285714,6.21047619,16.94285714,3712,1397.550602,561.5332415,1020,6479,590.2150503
288,0.263285714,18.349,0.044,16.484,9.574,1.22,0.295,0,76.27380952,88.61904762,64.30952381,5.454047619,16.52619048,3328,1346.199206,548.6188072,1060,6093,590.4080348
289,0.207857143,13.72,0.036,10.286,4.278,1.21,1.599333333,0,76.5,85.85714286,67.5952381,6.002619048,15.96904762,3024,1340.184845,544.8657115,920,6601,591.0484285
290,0.252142857,18.418,0.046,11.77,6.586,0.943,0.816,0,75.88095238,85.21428571,66.54761905,6.987619048,17.46190476,3460,1367.092014,557.2050719,1096,7043,592.1269443
291,0.255571429,19.796,0.046,12.611,6.862,0.864,0.766666667,0,76.17857143,85.76190476,66.52380952,6.592619048,16.78333333,3592,1359.844208,563.0171964,1060,6844,593.6279409
292,0.292,19.02,0.039,13.1,5.922,1.546,2.73,0,72.70238095,81.92857143,63.54761905,6.151904762,18.57380952,3768,1306.646489,550.7647123,1232,7488,595.5296499
293,0.308,19.855,0.046,15.224,8.181,1.146,0.541666667,0,72.73809524,83.35714286,62.38095238,4.660238095,14.11904762,3572,1285.442098,540.3662756,1516,7434,597.8044917
294,0.262,18.234,0.035,12.062,5.192,0.881,0.426666667,0,69.91666667,80.21428571,59.80952381,5.149761905,15.05,3027,1301.196295,547.1783465,1444,7704,600.4194753
295,0.259142857,18.284,0.042,13.2,6.906,0.778,0.388333333,0,70.17857143,80.38095238,59.97619048,5.829857143,15.79333333,3844,1340.706601,562.2349915,1552,7704,603.3366768
296,0.222,16.576,0.032,8.619,3.425,0.874,1.109,0,67,75.33333333,58.80952381,6.79047619,17.66666667,3712,1530.515372,569.353197,1720,7050,606.5137893
297,0.238285714,15.586,0.034,10.867,4.626,1.399,0.268333333,0,66.47619048,76.21428571,56.64285714,6.582857143,17.34761905,3948,1500.17227,555.541731,1756,7376,609.9047365
298,0.238,15.894,0.029,10,3.785,0.947,0.446666667,0,58.85714286,68.73809524,48.5,6.753666667,16.06428571,3003,1497.448057,555.9253881,1928,6357,613.4603411
299,0.355428571,24.702,0.039,21.59,7.442,2.163,0.01,0,52.36904762,64.83333333,40,5.35852381,14.88809524,3069,1540.386115,569.9762448,1944,6650,617.1290377
300,0.279142857,17.366,0.033,11.738,4.679,0.628,1.673333333,0,65.1547619,74.19047619,55.9047619,6.747380952,17.56666667,3069,1760.430932,583.4033376,1640,6218,620.8576207
301,0.285857143,20.66,0.034,9.8,4.69,0.776,0.668333333,0,53.82142857,62.80952381,44.92857143,6.119761905,18.02857143,3198,1772.219825,573.8873655,1824,6368,624.5920164
302,0.267428571,19.852,0.033,6.952,4.442,1.859,0.566666667,0,52.08333333,62.07142857,41.76190476,7.855952381,18.59761905,3192,1749.384532,567.3780106,1540,7238,628.2780662
303,0.413857143,27.84,0.03,9.848,5.815,1.889,1.431333333,0,51.76190476,61.23809524,42.23809524,7.004285714,18.63809524,3531,1779.404244,578.74694,1764,6292,631.8623132
304,0.310571429,19.684,0.023,5.2,3.952,1.477,0.463333333,0,48.96428571,56.42857143,41.35714286,6.316666667,15.79047619,3483,1769.402812,593.5110516,2024,6656,635.2927766
305,0.301714286,25.814,0.034,11.295,6.27,1.518,0.871666667,0.233333333,38.60714286,46.92857143,30.35714286,9.369047619,22.33095238,3642,1667.11309,591.4477227,2104,7264,638.5197058
306,0.576142857,39.263,0.034,10.79,11.363,1.242,0.338333333,0,57.64285714,69.76190476,45.95238095,6.843809524,16.28095238,3732,1635.450097,579.0274958,1800,6668,641.4963023
307,0.300428571,24.8,0.032,6.336,5.952,1.627,0.353333333,0,35.17857143,45.34761905,28.81904762,9.169285714,21.69619048,3606,1652.13269,585.3319238,2184,6900,644.1793976
308,0.314,24.281,0.026,7.204,6.504,2.36,0.627333333,0.1,36.37619048,48.65238095,32.16190476,8.789,19.91571429,3492,1703.041166,600.4605233,1836,6635,646.5300802
309,0.326142857,25.11,0.027,8.232,6.43,1.126,1.216666667,0.583333333,42.55952381,48.61904762,36.21428571,7.125952381,17.50714286,3447,1856.188525,591.0422382,2020,7163,648.514259
310,0.338571429,25.407,0.027,16.2,7.233,0.905,0.478333333,0.566666667,32.07142857,36.61904762,27.23809524,8.687619048,18.24285714,3462,1819.635129,576.5644708,2252,7544,650.1031584
311,0.341285714,23.381,0.028,12.51,7.668,2.287,0.346666667,1.95,32.16666667,39.61904762,27.16190476,8.055809524,18.66666667,3327,1813.697433,575.5644455,2264,7385,651.2737353
312,0.392,27.153,0.027,7.965,9.996,1.66,0.505,4.266666667,26.60714286,33.45238095,19.76190476,6.252857143,15.48333333,3330,1861.175024,589.4859792,2344,7585,652.0090134
313,0.323857143,25.16,0.029,6.121,7.542,2.047,1.51,4.25,32.54761905,40.9,25.16666667,10.3747619,22.8547619,3585,2038.403598,607.7477914,2396,7178,663.7080796
314,0.275857143,20.186,0.029,7.4,6.822,2.197,0.736666667,0.8,31.77380952,35.42857143,27.83333333,6.045238095,14.79047619,3417,2049.235085,599.3847638,2632,7467,678.7053042
315,0.450428571,29.594,0.026,7.686,13.272,2.044,0.046666667,0.05,26.02380952,32.28571429,19.73809524,5.618095238,13.86190476,3315,2021.934092,591.7128928,2492,7009,678.0057878
316,0.301714286,21.911,0.029,7.9,6.835,1.552,0.71,0.8,29.95238095,35.78571429,23.5952381,6.817380952,17.37619048,3297,2051.911224,602.6253266,2696,7425,676.8512045
317,0.268428571,20.797,0.035,6.29,5.58,1.746,0.196666667,1.6,22.17857143,29.47619048,14.66666667,7.59547619,16.18809524,3088,2025.848753,610.7524685,1960,6743,675.2582988
318,0.320571429,26.063,0.037,5.61,5.9,4.174,0.651666667,4.95,15.64285714,23.30952381,7.714285714,9.427142857,18.79761905,1240,1897.620778,598.9594452,836,4878,673.2501719
319,0.377714286,36.676,0.037,13.743,8.483,1.84,0.278333333,3.2,21.20238095,30.23809524,11.42857143,7.030714286,18.8,3549,1858.960207,586.6272444,3136,7738,670.8559467
320,0.341142857,27.945,0.036,15.181,6.941,4.059,0.551666667,1.55,15.83333333,23.76190476,7.547619048,6.204285714,16.26904762,3744,1883.266123,595.2570197,3104,6959,668.1103457
321,0.298571429,28.706,0.043,13.748,7.911,2.32,0.341666667,2.25,25.48809524,33.25714286,19.11904762,7.626,17.25952381,3267,1886.77752,607.6513416,3128,6629,665.053187
322,0.304714286,26.083,0.04,7.575,5.188,1.931,0.345,0.266666667,30.17857143,39.35714286,20.78571429,9.917380952,22.07857143,3980,1793.283898,598.3852364,2868,7556,661.7288072
323,0.317857143,28.856,0.045,24.639,7.848,2.124,0,0.05,27.73809524,37.83333333,17.61904762,8.435714286,18.61666667,3075,1756.329836,585.3340658,2684,7340,658.1854185
324,0.270714286,23.71,0.04,25.646,5.256,2.083,0.051666667,0,35.08333333,44.92857143,24.4047619,10.135,21.60238095,3108,1766.497044,588.8220631,2916,7272,654.4744089
325,0.382857143,32.333,0.043,14.321,6.321,1.716,0.571666667,0,42.36904762,55.30952381,29.23809524,6.950238095,17.07380952,3171,1803.901098,602.3740434,2404,7755,650.6495976
326,0.245714286,22.726,0.041,7.723,4.121,1.436,1.011666667,0,48.3452381,59.14285714,37.33333333,10.53452381,24.05238095,3048,1775.317856,589.2707741,2672,7172,646.7664541
327,0.300571429,31.074,0.046,12.42,5.834,2.848,0.141666667,0.05,42.07142857,53.78571429,30.5,7.818809524,17.97857143,3141,1732.362269,574.5745911,2460,8108,642.8812939
328,0.267,21.91,0.038,8.075,4.097,2.953,0.431666667,0,56.14285714,67.76190476,44.28571429,5.980952381,15.8452381,3135,1722.79715,570.7880791,2960,7368,639.0504618
329,0.266571429,22.739,0.042,6.969,4.847,1.858,1.123333333,0.85,45.3452381,52.64285714,37.85714286,7.418809524,18.04285714,3309,1756.540613,583.9736585,3340,6666,635.3295147
330,0.304571429,25.578,0.047,22.374,7.11,1.788,0.428333333,0.033333333,47.94047619,58.28571429,37.64285714,8.783333333,20.53809524,3531,1740.207902,593.7923567,3124,6981,631.7724156
331,0.245857143,18.288,0.038,12.286,3.635,2.18,1.386666667,0,51.23809524,58.64285714,43.76190476,8.037380952,18.63571429,3057,1694.609989,584.2304465,3020,7588,628.4307518
332,0.232285714,22.172,0.04,8.35,3.207,1.462,0.458333333,0,49.48809524,58.16666667,40.97619048,7.233095238,18.19285714,3276,1670.679174,574.5351499,3172,7860,625.3529858
333,0.311428571,28.822,0.058,21.036,8.05,1.402,0.001666667,0,60.63095238,74.71428571,45.80952381,5.267619048,15.25714286,3450,1696.031244,583.0082716,2792,7582,622.5837532
334,0.23,14.226,0.044,21.1,6.215,1.077,0.045,0,68.11904762,80.23809524,55.78571429,7.600952381,18.52142857,3654,1708.212365,591.7733781,2888,8510,620.1632148
335,0.277714286,21.133,0.04,12.262,4.842,1.549,0.868333333,0,55.63095238,66.19047619,44.88095238,7.185,16.63095238,3361,1584.927769,571.890758,2728,8656,618.1264747
336,0.258714286,21.032,0.049,15.152,8.658,1.663,0.755,0,73.07142857,82.76190476,63.71428571,6.94547619,17.20952381,3447,1554.849853,558.6312626,2744,8300,616.5030708
337,0.209571429,17.985,0.042,13.736,4.809,0.855,0.616666667,0,65.16666667,75.21428571,55.11904762,6.178095238,15.78809524,3301,1563.103193,561.970865,2512,7858,615.3165466
338,0.219,16.878,0.044,20.073,5.958,0.695,0.58,0,66.85714286,77.80952381,55.19047619,7.382142857,18.32857143,3286,1592.149447,575.0716127,3148,8404,614.5841097
339,0.195285714,15.058,0.038,13.577,7.12,1.181,0.533333333,0,75.76190476,85.69047619,66.0952381,8.436428571,18.50952381,4116,1397.550602,561.5332415,2660,7755,614.3163824
340,0.257142857,14.206,0.037,7.4,11.134,1.659,1.188333333,0,68.10714286,76.71428571,59.61904762,6.167142857,17.04285714,3945,1346.199206,548.6188072,2944,7490,614.5172473
341,0.259571429,15.355,0.04,15.413,6.772,0.995,3.096666667,0,69.48809524,77.9047619,61.73809524,5.746666667,15.86428571,3822,1340.184845,544.8657115,3164,7997,615.1837915
342,0.364285714,16.326,0.037,25.655,15.342,0.697,2.073333333,0,71.57142857,79.38095238,63.97619048,5.719285714,16.43809524,3459,1367.092014,557.2050719,3532,8109,616.3063483
343,0.34,17.399,0.043,25.143,14.121,0.822,0.598333333,0,70.04761905,79.92857143,60.28571429,5.225714286,15.28333333,3315,1359.844208,563.0171964,3624,8205,617.8686378
344,0.295714286,19.141,0.041,12.274,7.148,0.893,1.018333333,0,64.86904762,74.35714286,55.28571429,5.298809524,14.59047619,3543,1306.646489,550.7647123,3584,8193,619.8480027
345,0.277142857,16.166,0.049,12.19,9.845,0.572,0.576666667,0,74.92857143,84.57142857,65.52380952,5.395,15.68333333,3300,1285.442098,540.3662756,3980,7504,622.2157373
346,0.262857143,13.25,0.033,12.4,5.042,0.735,0.813333333,0,72.02380952,80.83333333,63.21428571,4.964285714,15.35,3429,1301.196295,547.1783465,3144,8079,624.9375034
347,0.342857143,19.871,0.043,19.8,9.361,1.428,2.171666667,0,75.72619048,84.11904762,67.92857143,4.510714286,13.33095238,3426,1340.706601,562.2349915,3705,7673,627.9738283
348,0.3,15.795,0.031,15.371,5.846,1.026,2.086666667,0,72.14285714,79.92857143,64.04761905,6.21047619,15.6047619,3360,1530.515372,569.353197,3933,8071,631.2806777
349,0.295714286,15.704,0.035,13.686,5.423,0.479,0.953333333,0,65.01190476,73.78571429,56.61904762,5.986428571,16.42857143,3081,1500.17227,555.541731,3828,7146,634.8100936
350,0.278571429,15.308,0.038,14.476,7.054,0.899,0.895,0,65.98809524,75.26190476,56.73809524,6.580952381,18.36190476,3195,1497.448057,555.9253881,3918,7348,638.5108907
351,0.268571429,15.322,0.033,9.845,4.727,0.58,0.29,0,65.33333333,75.83333333,55.23809524,5.438571429,15.28571429,3892,1540.386115,569.9762448,3972,7357,642.3293979
352,0.274142857,18.166,0.031,10.15,4.162,0.697,1.528333333,0,60.35714286,68.9047619,51.35714286,6.481095238,17.15904762,3696,1760.430932,583.4033376,3792,8018,646.210237
353,0.35,18.486,0.029,15.095,6.255,2.746,1.051666667,0,58.53571429,65.47619048,51.80952381,4.897857143,12.51095238,3033,1772.219825,573.8873655,3273,8212,650.0971261
354,0.307142857,18.255,0.032,16.605,6.63,0.94,0.038333333,0,63,72.21428571,54.07142857,4.575238095,12.54047619,3000,1749.384532,567.3780106,3645,7578,653.9336952
355,0.259428571,18.177,0.035,11.086,5.306,1.112,1.171,0,54.4047619,66.18095238,50.37142857,6.273571429,16.58,3075,1779.404244,578.74694,3999,8000,657.6643043
356,0.27,15.41,0.027,10.09,4.616,3.524,2.118333333,0,50.39285714,57.16666667,43.11904762,7.17452381,16.48333333,3339,1769.402812,593.5110516,4998,8778,661.23485
357,0.302857143,19.936,0.028,7.867,4.736,2.02,1.135,0,46.35714286,53.69047619,39.14285714,6.94452381,17.17619048,3672,1667.11309,591.4477227,5553,8956,664.5935504
358,0.538571429,33.898,0.035,11.5,9.494,2.321,0.08,0,43.44047619,54.26190476,32.97619048,3.994285714,13.04285714,3777,1635.450097,579.0274958,5370,9800,667.6916956
359,0.338571429,22.222,0.027,15.681,5.833,1.716,1.32,0.583333333,41.6547619,50.23809524,32.83333333,7.121190476,19.13571429,3723,1652.13269,585.3319238,5073,8751,670.4843547
360,0.31,23.103,0.028,10.948,5.62,1.133,0.286666667,0,38.17857143,46.57142857,29.45238095,8.153809524,19.32857143,3915,1703.041166,600.4605233,4896,8825,672.931027
361,0.327142857,21.729,0.029,11.171,6.628,1.494,0.405,0.483333333,32.70238095,38.11904762,27.26190476,6.353809524,16.04047619,3822,1856.188525,591.0422382,4416,9186,674.9962294
362,0.331428571,25.421,0.029,10.652,8.269,2.834,0.666666667,0.65,34.72619048,41.38095238,27.92857143,9.001190476,22.29047619,4152,1819.635129,576.5644708,4569,9283,676.6500113
363,0.331428571,23.444,0.032,5.048,6.803,2.564,0.403333333,0.016666667,38.3452381,46.4047619,30.4047619,9.756904762,21.31190476,3849,1813.697433,575.5644455,4923,9643,677.8683885
364,0.33,23.289,0.028,9.9,7.729,2.555,0.336666667,0.2,34.60714286,42.85714286,25.5952381,9.88047619,21.06428571,3708,1861.175024,589.4859792,4704,9370,678.6336916
365,0.38,21.447,0.02,16.371,10.359,2.474,0.428333333,0.8,29.58333333,35.26190476,24.38095238,6.12452381,16.0452381,3777,2038.403598,607.7477914,4575,8696,681.5353237
366,0.311428571,25.156,0.028,12.371,7.847,1.769,0.386666667,0.533333333,29.36904762,37.04761905,21.52380952,6.306190476,15.43809524,3978,2049.235085,599.3847638,5616,9509,687.866764
367,0.368571429,27.623,0.031,11.271,9.474,2.426,0.46,4.633333333,20.05952381,28.78571429,10.76190476,9.778095238,22.63333333,3795,2021.934092,591.7128928,5925,7609,687.2247486
368,0.304285714,23.131,0.034,8.679,7.118,3.667,0.79,4.466666667,17.94047619,28,6.976190476,8.745714286,19.2047619,3651,2051.911224,602.6253266,7779,8888,686.1196833
369,0.351428571,30.133,0.035,11.964,10.019,3.015,0.133333333,1.366666667,10.63095238,22.95238095,-2.30952381,6.172857143,15.64761905,3714,2025.848753,610.7524685,5575,8865,684.5675942
370,0.375714286,33.582,0.035,7.65,8.964,3.42,0.263333333,1.766666667,15.77380952,28.61904762,3.261904762,7.818571429,18.00238095,3144,1897.620778,598.9594452,7275,9319,682.5909905
371,0.394285714,31.877,0.037,11.093,8.838,4.043,0.881666667,2.233333333,22.17857143,31.5952381,11.88095238,7.637142857,17.7047619,700,1858.960207,586.6272444,2516,5227,680.2185383
372,0.272857143,24.1,0.038,18.471,6.756,0.999,0.18,0.583333333,25.57142857,35.23809524,15.26190476,9.650714286,20.98095238,3180,1883.266123,595.2570197,8015,8435,677.4846439
373,0.304285714,24.912,0.036,18.686,6.562,3.455,1.218333333,0.983333333,32.58333333,45.69047619,19.42857143,11.80809524,24.73333333,3720,1886.77752,607.6513416,4434,8849,674.4289559
374,0.277142857,25.741,0.041,11.571,6.947,2.09,0.526666667,2.266666667,20.67857143,30.11904762,10.88095238,8.718571429,20.83095238,3099,1793.283898,598.3852364,3684,8296,671.0957896
375,0.379571429,32.293,0.04,15.514,8.614,3.895,0.565,0.9,31.53571429,42.5,20.64285714,8.64952381,22.08571429,3057,1756.329836,585.3340658,3264,8041,667.5334843
376,0.336142857,31.289,0.044,17.9,8.808,2.946,0.356666667,1.516666667,34.69047619,44.26190476,25.88095238,7.435,17.92619048,3456,1766.497044,588.8220631,2396,6605,663.7937027
377,0.243428571,19.384,0.038,12.6,3.798,3.565,0.716666667,0,44.42857143,54.04761905,35.02380952,8.361190476,20.07619048,3916,1803.901098,602.3740434,2568,8759,659.9306811
378,0.231428571,17.612,0.037,13.943,4.629,1.781,0.57,0.466666667,34.14285714,41.5952381,26.57142857,9.986666667,20.80714286,3312,1775.317856,589.2707741,2976,8895,656.0004432
379,0.27,23.154,0.042,15.229,4.363,4.028,0.496666667,0.016666667,43.76190476,53.5952381,34.21428571,8.362142857,19.23333333,3501,1732.362269,574.5745911,2880,7930,652.0599875
380,0.308571429,27.301,0.043,9.748,5.355,2.164,1.646666667,0,47.29761905,56.19047619,38.73809524,7.27952381,18.23809524,3384,1722.79715,570.7880791,3308,7984,648.1664606
381,0.241428571,22.154,0.038,5.467,3.221,3.442,1.355,0.583333333,45.19047619,54.47619048,35.47619048,9.880238095,24.19047619,3771,1756.540613,583.9736585,3624,7813,644.3763287
382,0.285714286,20.173,0.042,18.167,4.513,2.364,0.383333333,0.233333333,49.98809524,59.26190476,40.16666667,9.064761905,19.92619048,3837,1740.207902,593.7923567,3246,8637,640.7445583
383,0.295714286,24.161,0.041,15.633,4.795,3.316,0.451666667,0,49.5,59.92857143,39.21428571,7.413809524,17.36190476,3837,1694.609989,584.2304465,3663,8090,637.3238194
384,0.231428571,19.188,0.046,17.45,4.691,4.354,0.268333333,0,54.51190476,68.21428571,40.76190476,7.334047619,17.58095238,3693,1670.679174,574.5351499,4185,8238,634.1637215
385,0.26,20.911,0.039,11.379,5.14,1.447,1.165,0,63.91666667,74.83333333,52.78571429,6.327142857,17.88571429,3732,1696.031244,583.0082716,5313,8119,631.310094
386,0.232857143,15.173,0.039,9.514,5.562,1.229,0.706666667,0,61.9047619,73.26190476,50.54761905,6.525238095,17.13809524,3354,1708.212365,591.7733781,5271,8167,628.8043219
387,0.271428571,19.963,0.042,13.893,6.425,2.117,1.32,0,67.70238095,76.92857143,57.89285714,7.326309524,17.40833333,3390,1584.927769,571.890758,5058,8856,626.6827451
388,0.252857143,17.758,0.045,12.55,4.325,1.442,0.61,0,64.41666667,74.07142857,54.47619048,6.663333333,16.67619048,3738,1554.849853,558.6312626,5271,9111,624.9761321
389,0.26,18.256,0.043,20.981,6.183,1.229,0.753333333,0,66.08333333,75.83333333,56.38095238,6.257619048,16.36190476,4329,1563.103193,561.970865,5844,8524,623.7092331
390,0.238714286,17.28,0.041,20.53,5.593,1.127,0.41,0,65.39285714,75.04761905,55.30952381,9.432142857,20.2047619,3826,1592.149447,575.0716127,6810,8808,622.9004213
391,0.311428571,22.825,0.05,14.286,7.277,1.048,0.68,0,69.82142857,79.73809524,59.19047619,5.87452381,15.43095238,4434,1397.550602,561.5332415,7314,10420,622.5614266
392,0.244285714,17.465,0.04,23.798,6.985,1.519,0.275,0,71,80.69047619,61,6.193095238,15.55,3560,1346.199206,548.6188072,7281,9293,622.6971652
393,0.228571429,17.484,0.044,11.899,5.849,0.933,0.331666667,0,70.39285714,81.95238095,58.45238095,6.204761905,16.08333333,3376,1340.184845,544.8657115,6591,8745,623.3056687
394,0.26,19.721,0.051,15.429,9.195,1.4,1.501666667,0,73.9047619,84.54761905,63.47619048,5.608095238,15.86190476,3894,1367.092014,557.2050719,5402,9324,624.3781121
395,0.270714286,21.716,0.048,16.105,7.374,1.055,0.523333333,0,76.02380952,85.47619048,66.04761905,7.142380952,18.37380952,3339,1359.844208,563.0171964,6060,8832,625.8989422
396,0.255571429,18.535,0.043,13.888,6.011,0.794,0.568333333,0,72.82142857,82.85714286,62.85714286,6.326904762,17.06666667,3884,1306.646489,550.7647123,5916,9776,627.8461033
397,0.206285714,13.752,0.04,12.786,4.872,1.014,0.5,0,76.45238095,85.21428571,68.47619048,6.071904762,16.51190476,3162,1285.442098,540.3662756,6054,9555,630.1913564
398,0.253857143,20.211,0.041,12.21,5.026,2.017,0.366666667,0,68.4047619,80.54761905,56.38095238,4.59547619,15.37619048,3904,1301.196295,547.1783465,5634,9035,632.9006894
399,0.242857143,18.777,0.044,10.876,7.044,0.89,0.933333333,0,73.02380952,83.19047619,63.35714286,4.606428571,14.84761905,3628,1340.706601,562.2349915,5106,8375,635.93481
400,0.233714286,14.466,0.039,11.8,5.593,0.801,0.905,0,72.10714286,81.9047619,62.42857143,6.273809524,16.35,3956,1530.515372,569.353197,4617,7951,639.2497157
401,0.260285714,17.575,0.032,11.012,4.581,2.445,0.646666667,0,66.17857143,74.30952381,58,5.837142857,13.83571429,3872,1500.17227,555.541731,4848,7836,642.797332
402,0.271571429,21.282,0.034,11.302,4.919,0.733,0.915,0,67.9047619,78,58.33333333,4.159047619,12.9,3980,1497.448057,555.9253881,4503,8519,646.5262093
403,0.284285714,17.714,0.037,10.129,5.892,1.185,0.76,0,62.83333333,71.83333333,54.16666667,5.651666667,15.44285714,3852,1540.386115,569.9762448,4107,7204,650.3822694
404,0.241428571,15.464,0.027,7.567,3.611,0.785,1.393333333,0,56.73809524,64.78571429,48.71428571,7.185238095,17.57619048,3832,1760.430932,583.4033376,4113,7312,654.3095896
405,0.31,19.794,0.031,6.062,4.198,2.414,0.623333333,0,50.08333333,61.28571429,39.16666667,5.937380952,14.98095238,3952,1772.219825,573.8873655,3663,8095,658.2512136
406,0.311428571,25.313,0.037,9.5,6.027,1.167,0.146666667,0,52.1547619,63.64285714,40.85714286,6.115238095,16.48809524,3063,1749.384532,567.3780106,3516,6993,662.1499779
407,0.348571429,22.466,0.03,12.048,5.813,1.038,1.565,0,50.17857143,59.47619048,40.5,6.486666667,18.8047619,3132,1779.404244,578.74694,3507,7190,665.9493405
408,0.375714286,24.146,0.032,8.981,6.086,1.471,0.438333333,0,55.10714286,66.07142857,44.64285714,6.178095238,15.7,4428,1769.402812,593.5110516,5061,8239,669.5942007
409,0.564285714,29.907,0.033,12.543,9.062,1.228,0.086666667,0,48.78571429,60.5952381,37.11904762,4.303095238,13.41190476,5253,1667.11309,591.4477227,5776,9946,673.031699
410,0.321428571,23.084,0.032,10.557,5.307,0.858,0.328333333,0,53.91666667,64.88095238,42.80952381,8.105952381,18.9547619,4590,1635.450097,579.0274958,5711,10089,676.2119827
411,0.258571429,18.596,0.029,5.571,4.973,1.112,1.876666667,0.3,44.25,51.4047619,36.5952381,7.269761905,16.82380952,4713,1652.13269,585.3319238,5498,10405,679.0889296
412,0.38,30.161,0.032,9.1,8.368,1.888,0.92,6.2,31.23809524,38.5952381,23.54761905,8.361428571,20.7047619,4587,1703.041166,600.4605233,6671,9580,681.6208167
413,0.304285714,23.752,0.028,7.086,5.443,1.615,1.031666667,0,40.25,47.45238095,32.78571429,8.206904762,19.40952381,4707,1856.188525,591.0422382,7535,10046,683.770925
414,0.368571429,25.374,0.027,10.257,6.658,2.059,0.668333333,0,39.58333333,45.38095238,33.64285714,9.379285714,20.75952381,4512,1819.635129,576.5644708,6466,8474,685.5080726
415,0.285714286,21.138,0.029,9.886,5.271,3.903,0.2,1.266666667,27.20238095,33.61904762,20.11904762,7.306904762,16.52857143,4893,1813.697433,575.5644455,7364,10080,686.8070664
416,0.378571429,22.247,0.026,7.005,7.291,2.525,1.12,2.633333333,29.85714286,35.21428571,24.28571429,7.061666667,16.42142857,4455,1861.175024,589.4859792,7042,10305,687.6490676
417,0.327142857,25.013,0.03,12.481,10.789,1.376,2.235,8.683333333,24.51190476,32.04761905,17.07142857,11.65333333,22.72380952,4110,2038.403598,607.7477914,6632,9498,689.8687014
418,0.441428571,27.198,0.021,9.857,10.209,2.764,0.986666667,0,41.78571429,47.71428571,35.92857143,5.778571429,14.79285714,3837,2049.235085,599.3847638,8581,7632,700.8453552
419,0.303571429,21.845,0.028,10.724,7.991,2.533,0.171666667,0,31.0952381,36.69047619,24.83333333,6.593095238,16.28095238,4176,2021.934092,591.7128928,8926,8184,700.259606
420,0.347714286,23.672,0.027,9.033,6.318,2.366,0.806666667,0.25,28.33333333,35.5952381,21.30952381,7.371190476,15.98333333,3609,2051.911224,602.6253266,9422,9777,699.2003284
421,0.280857143,19.465,0.029,8.514,6.156,2.885,1.32,2.65,32.16666667,36,28.33333333,7.248333333,17.71904762,3447,2025.848753,610.7524685,7758,11045,697.6828844
422,0.328571429,24.973,0.034,13.019,7.783,2.237,0.388333333,1.45,26.91666667,34.35714286,19.16666667,7.322857143,18.56857143,3848,1897.620778,598.9594452,6373,9289,695.7292809
423,0.41,32.245,0.034,15.517,9.161,3.458,0.048333333,0,22.8452381,35.07142857,10.73809524,9.768333333,22.35952381,3213,1858.960207,586.6272444,6631,8926,693.3678502
424,0.361428571,31.034,0.037,5.643,7.379,2.751,0.6,0.016666667,37.95238095,47.52380952,28.52380952,8.621095238,21.25,3411,1883.266123,595.2570197,6782,8119,690.6328391
425,0.307142857,27.96,0.035,8.226,6.782,3.098,0.495,0.966666667,34.64285714,43.73809524,25.23809524,8.82,20.97619048,3417,1886.77752,607.6513416,7407,7452,687.5639121
426,0.362857143,31.768,0.038,8.885,7.089,5.145,0.553333333,2.233333333,23.42857143,31.97619048,15.02380952,7.829047619,19.6047619,3585,1793.283898,598.3852364,6711,8184,684.2055765
427,0.277142857,20.228,0.04,7.793,4.453,2.512,0.75,1.516666667,32.71428571,38.69047619,26.85714286,8.309285714,18.8047619,3684,1756.329836,585.3340658,6483,9110,680.6065369
428,0.292857143,22.58,0.041,9.133,5.679,2.182,0.909333333,3.466666667,31.38095238,38.04761905,24.88095238,8.223571429,17.42857143,3894,1766.497044,588.8220631,6486,9014,676.8189885
429,0.304285714,27.697,0.042,5.567,7.363,2.807,0.233333333,0.1,37.13095238,45.33333333,29.19047619,9.332380952,21.2852381,4122,1803.901098,602.3740434,7125,7849,672.8978604
430,0.3,26.713,0.045,12.9,5.094,2.77,0.713333333,0.083333333,39.4047619,47.78571429,30.71428571,8.258571429,20.88666667,4098,1775.317856,589.2707741,6855,9595,668.9000189
431,0.272857143,20.811,0.045,15.986,5.595,3.606,1.478333333,0,41.22619048,51.83333333,30.88095238,9.368571429,22.9,3837,1732.362269,574.5745911,6561,9096,664.8834431
432,0.301428571,32.374,0.057,20.1,8.749,2.825,0.028333333,0,47.60714286,59.28571429,35.97619048,8.324761905,19.42142857,3795,1722.79715,570.7880791,6294,8856,660.9063835
433,0.234285714,20.025,0.045,8.571,5.576,3.502,0.445,0,57.5,68.64285714,45.97619048,8.197142857,18.89285714,3813,1756.540613,583.9736585,6150,8726,657.0265176
434,0.225714286,18.091,0.045,5.614,6.34,1.479,1.221666667,0,48.52380952,59.41428571,39.98095238,7.127761905,17.70047619,3972,1740.207902,593.7923567,6630,9109,653.3001134
435,0.25,17.2,0.036,5.786,2.752,4.301,2.398333333,0,48.97619048,56.69047619,41.42857143,7.088571429,17.15,4086,1694.609989,584.2304465,7554,9460,649.7812133
436,0.295714286,25.875,0.049,19.1,6.172,1.744,0.043333333,0,54.41666667,66.02380952,42.71428571,5.928095238,15.45238095,3792,1670.679174,574.5351499,7494,9218,646.5208504
437,0.234285714,19.164,0.047,18.214,5.757,1.06,0.015,0,58.69047619,70.14285714,46.11904762,8.404047619,19.76428571,3912,1696.031244,583.0082716,7002,8926,643.5663082
438,0.27,20.742,0.04,16.886,6.868,1.976,0.57,0,56.60714286,68.97619048,44.0952381,7.022380952,18.20809524,3441,1708.212365,591.7733781,6294,9353,640.9604351
439,0.330857143,23.844,0.055,22.536,10.09,3.276,0,0,62.10714286,77.04761905,47,5.363571429,14.76428571,3852,1584.927769,571.890758,5166,9172,638.741023
440,0.472857143,16.472,0.037,43.675,42.564,0.852,0.15,0,63.36904762,75.21428571,50.69047619,6.796428571,18.6952381,4091,1554.849853,558.6312626,5184,7600,636.940259
441,0.304428571,19.078,0.046,32.143,11.864,1.372,0.948333333,0,62.75,72.54761905,53.19047619,5.112190476,15.05,4128,1563.103193,561.970865,5709,8439,635.5842587
442,0.268571429,13.62,0.037,19,8.425,1.295,0.325,0,66.05952381,75.73809524,56.80952381,6.002380952,15.09761905,4131,1592.149447,575.0716127,6261,7834,634.6926877
443,0.569857143,20.534,0.046,31.786,23.217,0.721,1.2,0,70.97619048,79.19047619,63.14285714,5.273095238,14.97142857,4338,1397.550602,561.5332415,6480,7056,634.2784761
444,0.439571429,18.761,0.049,29.696,16.238,0.554,1.32,0,73.29761905,83.30952381,64.02380952,4.148809524,13.27619048,3816,1346.199206,548.6188072,6135,8406,634.3476308
445,0.268571429,18.636,0.048,21.364,7.963,0.64,1.145,0,74.38095238,83.02380952,65.85714286,4.718809524,14.37857143,3546,1340.184845,544.8657115,6267,8237,634.8991491
446,0.339857143,18.232,0.047,28.677,15.082,0.829,1.858333333,0,73.48809524,83,64.45238095,5.443333333,16.01904762,3611,1367.092014,557.2050719,5244,8182,635.9250325
447,0.338857143,18.409,0.048,13.619,10.554,1.061,0.745,0,72.30952381,82.78571429,61.85714286,5.538285714,16.36761905,3855,1359.844208,563.0171964,5250,8921,637.410403
448,0.283285714,14.488,0.039,16.975,6.39,0.828,1.416666667,0,69.30952381,79.11904762,59.0952381,5.485714286,15.58333333,3228,1306.646489,550.7647123,4593,7850,639.333719
449,0.333285714,16.23,0.04,19.695,9.796,1.288,1.296666667,0,70.4047619,79.4047619,61.5952381,6.274047619,16.00238095,3243,1285.442098,540.3662756,4173,9339,641.6670875
450,0.304857143,15.213,0.038,14.023,5.507,1.074,1.501666667,0,67.14285714,78.9,62.24285714,5.475285714,15.60761905,3222,1301.196295,547.1783465,4080,7970,644.3766687
451,0.333285714,16.902,0.036,12.393,8.342,0.839,0.76,0,60.30714286,77.46666667,59.37619048,6.616428571,16.47666667,3984,1340.706601,562.2349915,3684,7683,647.4231668
452,0.292857143,15.071,0.032,13.314,4.735,0.576,0.946666667,0,68.16666667,76.66666667,60.23809524,5.112619048,14.42142857,3728,1530.515372,569.353197,3729,8356,650.7623997
453,0.369857143,21.288,0.047,16.557,10.854,0.693,0.145,0,70.98809524,81.45238095,60.88095238,5.144761905,14.08571429,3976,1500.17227,555.541731,3600,8502,654.34594
454,0.307142857,16.394,0.03,12.95,4.821,1.525,2.285,0,69.20238095,76.69047619,62.11904762,4.866666667,13.88571429,3063,1497.448057,555.9253881,3855,7926,658.1218172
455,0.301285714,18.519,0.035,11.614,5.603,1.2,0.471666667,0,60.42857143,69.88095238,50.97619048,5.187142857,14.05238095,3992,1540.386115,569.9762448,3777,8175,662.0352715
456,0.271428571,12.043,0.03,12.821,6.899,4.147,0.545,0,58.35714286,69.21428571,48.21428571,5.660380952,14.40238095,3042,1760.430932,583.4033376,3693,8103,666.0295478
457,0.381428571,24.071,0.039,20.2,9.627,0.903,1.015,0,63.54761905,75.38095238,52.83333333,3.536666667,11.06904762,3768,1772.219825,573.8873655,3552,8265,670.0467189
458,0.34,20.316,0.028,7.124,4.343,0.682,1.903333333,0,57.38095238,64.38095238,50.45238095,7.297619048,18.0452381,3075,1749.384532,567.3780106,3897,8103,674.0285254
459,0.328571429,17.689,0.025,3.833,3.921,0.794,0.25,0,51.35714286,58.73809524,44.07142857,4.666666667,13.12190476,3375,1779.404244,578.74694,4119,8583,677.9172212
460,0.349857143,25.802,0.032,13.9,6.408,0.856,1.036666667,0,52.67857143,60.21428571,45.14285714,6.849761905,16.37619048,3705,1769.402812,593.5110516,4095,8953,681.65641
461,0.267285714,19.188,0.028,13.329,4.442,2.196,0.751666667,0.066666667,49.78571429,56.26190476,42.92857143,6.28452381,15.59047619,4488,1667.11309,591.4477227,5505,8799,685.1918642
462,0.403428571,27.746,0.031,6.629,7.699,1.852,0.165,0,44.26190476,52.33333333,36.14285714,7.786428571,19.41190476,4215,1635.450097,579.0274958,5385,9111,688.4723107
463,0.409571429,29.006,0.029,7.714,7.086,0.967,0.223333333,0,38.96428571,46.23809524,31.64285714,5.81,14.97142857,4338,1652.13269,585.3319238,6114,7733,691.4501745
464,0.274571429,20.995,0.03,7.186,4.179,1.65,1.44,0.283333333,39.89285714,48.71428571,30.5,6.727142857,16.52857143,4422,1703.041166,600.4605233,6045,8981,694.082269
465,0.339571429,23.415,0.03,13.425,7.164,1.713,0.336666667,0.333333333,33.72619048,41.21428571,25.80952381,8.601428571,19.5,4377,1856.188525,591.0422382,6019,8617,696.3304221
466,0.423142857,24.67,0.022,18.3,7.797,4.25,1.013333333,0.483333333,37.4047619,41.83333333,32.80952381,7.137380952,15.59285714,4080,1819.635129,576.5644708,6313,9179,698.1620299
467,0.353428571,24.473,0.031,13.705,7.429,2.068,1.011666667,0.633333333,36.78571429,43.4047619,30.28571429,7.584047619,17.53809524,4305,1813.697433,575.5644455,6650,8942,699.5505294
468,0.353571429,23.18,0.031,10.61,6.726,2.906,1.758333333,0.316666667,38.28571429,45.78571429,30.5,8.31952381,18.83571429,4440,1861.175024,589.4859792,7691,10299,700.4757838
469,0.461428571,24.78,0.021,16.657,10.415,4.231,0.456666667,0,34.96428571,40.9047619,29.23809524,4.271904762,10.70238095,4347,2038.403598,607.7477914,8431,10644,700.9243745
470,0.256428571,18.699,0.028,9.11,6.86,1.003,0.626666667,0.466666667,35.28571429,38.85714286,31.5952381,6.726666667,14.85238095,3996,2049.235085,599.3847638,7994,10214,702.9118711
471,0.324285714,24.645,0.029,5.123,7.173,4.837,1.275,1.666666667,30.42857143,37.61904762,23.4047619,8.308571429,20.53333333,4281,2021.934092,591.7128928,7464,10079,702.3931323
472,0.275714286,24.959,0.032,9.1,7.486,2.919,0.902,5.433333333,26.32142857,32.19047619,20.07142857,9.512619048,22.44285714,4191,2051.911224,602.6253266,5364,10482,701.3978561
473,0.367142857,25.855,0.026,12.214,8.568,4.652,0.552333333,2.466666667,20.53571429,27.9047619,13.28571429,7.369095238,16.79285714,3828,2025.848753,610.7524685,6236,9542,699.9404766
474,0.318571429,21.949,0.024,12.9,6.54,2.5,0.991666667,0.716666667,33.88095238,37.5047619,31.66666667,6.095095238,14.40904762,3708,1897.620778,598.9594452,7028,9735,698.0421295
475,0.402857143,28.418,0.034,18.057,6.764,3.34,0.098333333,0,31.08333333,38.16666667,24.45238095,5.693571429,13.55,3819,1858.960207,586.6272444,8331,10384,695.7303457
476,0.324285714,21.664,0.032,10.824,6.931,2.909,0.173333333,0.566666667,37.45238095,44.83333333,29.95238095,7.568333333,16.93809524,552,1883.266123,595.2570197,2524,4854,693.038652
477,0.302857143,26.196,0.037,9.348,6.177,2.076,0.176666667,1.4,24.58333333,34.16666667,15.02380952,8.436666667,20.55238095,3216,1886.77752,607.6513416,6749,7731,690.0060848
478,0.308714286,24.882,0.037,8.724,7.068,1.16,0.433333333,0.083333333,36.61904762,47.85714286,24.71428571,9.139285714,19.88333333,3576,1793.283898,598.3852364,6273,8162,686.676624
479,0.257285714,20.394,0.033,6.414,3.867,3.632,1.183333333,0,44.04166667,53.13888889,35.44444444,6.394444444,15.63611111,3525,1756.329836,585.3340658,8565,7760,683.0985554
480,0.292,27.556,0.043,14.943,6.688,2.344,0.918333333,0.383333333,41.02380952,50.5952381,31.54761905,10.18309524,21.16428571,3414,1766.497044,588.8220631,6862,7847,679.3237701
481,0.227,18.785,0.038,7.5,3.576,1.696,0.515,0.566666667,41.10714286,48.80952381,33.0952381,8.734047619,20.03809524,3546,1803.901098,602.3740434,7778,7565,675.4070122
482,0.280857143,21.069,0.04,7.307,5.286,3.055,1.666166667,2.016666667,32.1547619,41.9047619,22.54761905,8.164761905,18.16428571,3840,1775.317856,589.2707741,6711,7978,671.4050845
483,0.261714286,20.772,0.04,4.25,3.687,3.277,1.24,0,42.5,50.02380952,34.80952381,9.112380952,20.3,3426,1732.362269,574.5745911,8225,8426,667.3760254
484,0.300142857,24.4,0.044,5.75,5.699,4.844,0.378333333,0.516666667,45.80952381,55.92857143,36.19047619,7.488571429,17.43333333,3453,1722.79715,570.7880791,8519,8131,663.3782665
485,0.251142857,24.683,0.042,5.132,4.831,3.128,1.591666667,0,51.08333333,60.47619048,41.83333333,9.037857143,20.74761905,3555,1756.540613,583.9736585,7473,8480,659.4697854
486,0.251285714,23.752,0.043,9.707,4.183,1.813,0.391666667,0,47.53571429,56.07142857,38.54761905,9.310238095,21.48809524,3366,1740.207902,593.7923567,7009,7414,655.7072651
487,0.284142857,20.009,0.04,14.886,6.995,4.195,0.396666667,0,52.5952381,64.19047619,41.76190476,6.704761905,16.25238095,3444,1694.609989,584.2304465,6776,8608,652.1452719
488,0.242714286,20.652,0.037,10.957,4.165,2.062,0.8,0,59.52380952,69.80952381,49.5952381,6.71047619,16.84047619,3807,1670.679174,574.5351499,7674,8417,648.8354636
489,0.231,17.708,0.039,7.125,4.779,2.163,0.513333333,0,57.5,66.04761905,49.26190476,5.922857143,15.86428571,3711,1696.031244,583.0082716,6871,8526,645.8258411
490,0.315857143,24.863,0.049,16.042,6.487,2.168,0.368333333,0,67.83333333,79.11904762,57.16666667,5.170714286,15.31666667,3519,1708.212365,591.7733781,7407,7542,643.1600514
491,0.246,17.902,0.045,12.59,5.053,2.178,1.105,0,65.95238095,75.26190476,56.0952381,6.93452381,17.44285714,3663,1584.927769,571.890758,6837,8306,640.8767553
492,0.284285714,21.411,0.049,12.829,7.203,1.308,0.093333333,0,66.28571429,79.02380952,53.28571429,4.649761905,13.63333333,3690,1554.849853,558.6312626,6570,8268,639.0090666
493,0.236285714,16.462,0.04,11.61,5.505,1.705,1.585,0,63.78571429,70.83333333,56.73809524,6.305238095,17.99285714,4134,1563.103193,561.970865,5793,8893,637.5840714
494,0.27,16.672,0.053,17.962,8.612,1.423,0.578333333,0,71.14285714,82.57142857,59.66666667,6.428809524,16.9047619,4047,1592.149447,575.0716127,5049,8584,636.6224358
495,0.207142857,13.125,0.044,15.5,6.181,0.996,1.556666667,0,75.07142857,83.64285714,66.16666667,7.44047619,18.87857143,4224,1397.550602,561.5332415,4830,8704,636.138106
496,0.258571429,17.989,0.042,22.181,8.618,1.166,0.861666667,0,68.63095238,78.83333333,58.11904762,7.254047619,16.86666667,4440,1346.199206,548.6188072,5442,8235,636.138106
497,0.271428571,19.495,0.046,15.276,6.703,1.752,1.036666667,0,76.94047619,85.80952381,68.33333333,5.246428571,14.75952381,4527,1340.184845,544.8657115,5643,9220,636.6224358
498,0.282714286,17.875,0.049,15.086,7.797,0.771,2.221666667,0,76.30952381,84.64285714,68.33333333,5.512380952,15.83095238,4173,1367.092014,557.2050719,5412,9562,637.5840714
499,0.282571429,16.91,0.043,14.49,7.656,1.711,0.73,0,71.73809524,81.0952381,62.35714286,5.176666667,14.32857143,3705,1359.844208,563.0171964,5250,9138,639.0090666
500,0.334857143,19.551,0.047,20.543,11.796,0.61,0.691666667,0,74.11904762,84.04761905,64.47619048,5.257142857,14.67857143,3339,1306.646489,550.7647123,4653,8762,640.8767553
501,0.254285714,13.171,0.036,12.567,6.735,1.707,1.476666667,0,74.57142857,82.80952381,66.38095238,4.681666667,14.25,3138,1285.442098,540.3662756,4677,8977,643.1600514
502,0.292857143,16.606,0.036,18.314,10.7,0.838,2.38,0,69.85714286,78.69047619,60.88095238,6.033571429,17.04285714,3144,1301.196295,547.1783465,4467,8885,645.8258411
503,0.275714286,15.416,0.038,13.025,6.057,0.562,1.776666667,0,69.13095238,77.38095238,61.21428571,6.26952381,15.90714286,3096,1340.706601,562.2349915,4080,8512,648.8354636
504,0.294285714,16.1,0.044,14.279,8.347,2.166,0.026666667,0,70.07142857,80.92857143,59.42857143,4.851904762,13.74761905,3159,1530.515372,569.353197,4017,8343,652.1452719
505,0.291428571,16.972,0.036,8.47,4.592,0.543,0.438333333,0,66.17857143,76.0952381,56.23809524,6.204285714,15.48333333,3048,1500.17227,555.541731,3975,8304,655.7072651
506,0.317142857,21.265,0.043,12.155,5.713,1.333,0.871666667,0,62.45238095,73.14285714,51.54761905,6.002142857,15.98333333,3009,1497.448057,555.9253881,4299,8381,659.4697854
507,0.29,14.996,0.041,13.025,7.393,2.51,0,0,68.9047619,81.33333333,56.78571429,2.865,9.611904762,3030,1540.386115,569.9762448,3843,8442,663.3782665
508,0.264285714,13.408,0.03,9.737,4.042,2.967,0.315,0,66.25,75,57.61904762,5.687380952,13.64761905,3138,1760.430932,583.4033376,3702,8381,667.3760254
509,0.268571429,16.704,0.033,13.767,4.53,1.886,0.571666667,0,63.33333333,72.57142857,54.30952381,5.225,13.44285714,3135,1772.219825,573.8873655,3834,8727,671.4050845
510,0.251142857,17.082,0.033,8.036,3.733,1.361,0.26,0,56.67857143,67.92857143,45.19047619,5.129761905,15.60952381,3102,1749.384532,567.3780106,3963,8488,675.4070122
511,0.328,20.255,0.03,9.201,4.049,2.125,0.733333333,0,48.55952381,56.9047619,39.73809524,7.604761905,18.23333333,3192,1779.404244,578.74694,3894,8710,679.3237701
512,0.41,32.641,0.043,18.649,7.843,0.977,0.013333333,0,55.22619048,69.21428571,42.0952381,5.203571429,14.39761905,3372,1769.402812,593.5110516,3765,9038,683.0985554
513,0.320285714,25.484,0.035,4.5,6.362,1.868,0.278333333,0,49.01190476,58.88095238,38.5952381,6.678809524,16.48333333,3912,1667.11309,591.4477227,4584,9284,686.676624
514,0.328571429,23.047,0.034,10.881,6.243,1.527,0.223333333,0,54.66666667,64.35714286,44.57142857,8.212380952,18.65238095,4878,1635.450097,579.0274958,6093,7623,690.0060848
515,0.276142857,19.229,0.032,11.576,4.723,3.369,0.228333333,0,45.54761905,54.11904762,36.07142857,8.836428571,19.80238095,4416,1652.13269,585.3319238,6099,7641,693.038652
516,0.384285714,22.023,0.026,13.714,5.621,3.154,0.09,0,43.10714286,52.9047619,33.33333333,5.336666667,14.5547619,4338,1703.041166,600.4605233,5796,7585,695.7303457
517,0.304285714,20.553,0.026,8.683,4.874,1.826,1.641666667,0,40.61904762,46.73809524,34.38095238,8.387857143,19.41904762,4452,1856.188525,591.0422382,6063,7937,698.0421295
518,0.238571429,17.856,0.029,7.631,5.538,1.208,0.751666667,1.633333333,30.5952381,36.19047619,24.54761905,7.259047619,16.35238095,4200,1819.635129,576.5644708,6339,8010,699.9404766
519,0.327142857,23.448,0.027,9.8,6.933,2.979,1.376666667,1.7,34.5,39.80952381,29.07142857,8.708571429,19.89047619,4476,1813.697433,575.5644455,7053,8727,701.3978561
520,0.282428571,22.445,0.027,6.09,5.503,2.286,0.648333333,0.833333333,31.46428571,38.85714286,24.45238095,7.502952381,17.42142857,4239,1861.175024,589.4859792,6441,8141,702.3931323
521,0.381,28.321,0.028,12.124,9.9,2.096,0.265,2.65,19.73809524,26.16666667,12.14285714,6.604952381,15.30238095,4296,2038.403598,607.7477914,7113,8551,702.9118711
